#date,rate
2010-01-04,0.453
2010-01-05,0.452
2010-01-06,0.450
2010-01-07,0.448
2010-01-08,0.445
2010-01-11,0.443
2010-01-12,0.441
2010-01-13,0.440
2010-01-14,0.439
2010-01-15,0.438
2010-01-18,0.435
2010-01-19,0.435
2010-01-20,0.432
2010-01-21,0.430
2010-01-22,0.429
2010-01-25,0.427
2010-01-26,0.426
2010-01-27,0.425
2010-01-28,0.426
2010-01-29,0.426
2010-02-01,0.425
2010-02-02,0.425
2010-02-03,0.424
2010-02-04,0.424
2010-02-05,0.424
2010-02-08,0.423
2010-02-09,0.421
2010-02-10,0.423
2010-02-11,0.423
2010-02-12,0.423
2010-02-15,0.421
2010-02-16,0.422
2010-02-17,0.421
2010-02-18,0.419
2010-02-19,0.42
2010-02-22,0.42
2010-02-23,0.419
2010-02-24,0.418
2010-02-25,0.418
2010-02-26,0.416
2010-03-01,0.415
2010-03-02,0.415
2010-03-03,0.414
2010-03-04,0.414
2010-03-05,0.415
2010-03-08,0.413
2010-03-09,0.411
2010-03-10,0.411
2010-03-11,0.409
2010-03-12,0.407
2010-03-15,0.406
2010-03-16,0.406
2010-03-17,0.404
2010-03-18,0.402
2010-03-19,0.401
2010-03-22,0.403
2010-03-23,0.401
2010-03-24,0.4
2010-03-25,0.4
2010-03-26,0.401
2010-03-29,0.399
2010-03-30,0.398
2010-03-31,0.397
2010-04-01,0.4
2010-04-06,0.401
2010-04-07,0.403
2010-04-08,0.404
2010-04-09,0.403
2010-04-12,0.403
2010-04-13,0.404
2010-04-14,0.404
2010-04-15,0.404
2010-04-16,0.405
2010-04-19,0.404
2010-04-20,0.404
2010-04-21,0.404
2010-04-22,0.404
2010-04-23,0.405
2010-04-26,0.404
2010-04-27,0.405
2010-04-28,0.408
2010-04-29,0.411
2010-04-30,0.413
2010-05-03,0.414
2010-05-04,0.416
2010-05-05,0.417
2010-05-06,0.419
2010-05-07,0.424
2010-05-10,0.422
2010-05-11,0.422
2010-05-12,0.422
2010-05-13,0.423
2010-05-14,0.423
2010-05-17,0.423
2010-05-18,0.423
2010-05-19,0.423
2010-05-20,0.425
2010-05-21,0.426
2010-05-24,0.426
2010-05-25,0.426
2010-05-26,0.426
2010-05-27,0.426
2010-05-28,0.428
2010-05-31,0.429
2010-06-01,0.428
2010-06-02,0.43
2010-06-03,0.432
2010-06-04,0.432
2010-06-07,0.433
2010-06-08,0.434
2010-06-09,0.436
2010-06-10,0.438
2010-06-11,0.438
2010-06-14,0.439
2010-06-15,0.441
2010-06-16,0.442
2010-06-17,0.443
2010-06-18,0.444
2010-06-21,0.447
2010-06-22,0.45
2010-06-23,0.455
2010-06-24,0.459
2010-06-25,0.464
2010-06-28,0.471
2010-06-29,0.479
2010-06-30,0.485
2010-07-01,0.505
2010-07-02,0.513
2010-07-05,0.515
2010-07-06,0.518
2010-07-07,0.523
2010-07-08,0.534
2010-07-09,0.547
2010-07-12,0.553
2010-07-13,0.562
2010-07-14,0.568
2010-07-15,0.574
2010-07-16,0.597
2010-07-19,0.611
2010-07-20,0.62
2010-07-21,0.628
2010-07-22,0.631
2010-07-23,0.633
2010-07-26,0.635
2010-07-27,0.638
2010-07-28,0.64
2010-07-29,0.643
2010-07-30,0.645
2010-08-02,0.646
2010-08-03,0.648
2010-08-04,0.649
2010-08-05,0.65
2010-08-06,0.649
2010-08-09,0.649
2010-08-10,0.648
2010-08-11,0.649
2010-08-12,0.647
2010-08-13,0.647
2010-08-16,0.645
2010-08-17,0.642
2010-08-18,0.641
2010-08-19,0.638
2010-08-20,0.634
2010-08-23,0.635
2010-08-24,0.633
2010-08-25,0.63
2010-08-26,0.628
2010-08-27,0.625
2010-08-30,0.624
2010-08-31,0.622
2010-09-01,0.619
2010-09-02,0.620
2010-09-03,0.620
2010-09-06,0.618
2010-09-07,0.617
2010-09-08,0.616
2010-09-09,0.617
2010-09-10,0.616
2010-09-13,0.616
2010-09-14,0.616
2010-09-15,0.617
2010-09-16,0.617
2010-09-17,0.618
2010-09-20,0.617
2010-09-21,0.618
2010-09-22,0.617
2010-09-23,0.617
2010-09-24,0.618
2010-09-27,0.618
2010-09-28,0.621
2010-09-29,0.621
2010-09-30,0.625
2010-10-01,0.704
2010-10-04,0.726
2010-10-05,0.732
2010-10-06,0.737
2010-10-07,0.744
2010-10-08,0.752
2010-10-11,0.760
2010-10-12,0.767
2010-10-13,0.769
2010-10-14,0.771
2010-10-15,0.777
2010-10-18,0.784
2010-10-19,0.792
2010-10-20,0.806
2010-10-21,0.816
2010-10-22,0.822
2010-10-25,0.830
2010-10-26,0.839
2010-10-27,0.847
2010-10-28,0.847
2010-10-29,0.847
2010-11-01,0.848
2010-11-02,0.847
2010-11-03,0.847
2010-11-04,0.849
2010-11-05,0.850
2010-11-08,0.853
2010-11-09,0.853
2010-11-10,0.852
2010-11-11,0.852
2010-11-12,0.852
2010-11-15,0.850
2010-11-16,0.846
2010-11-17,0.844
2010-11-18,0.834
2010-11-19,0.824
2010-11-22,0.816
2010-11-23,0.811
2010-11-24,0.804
2010-11-25,0.799
2010-11-26,0.796
2010-11-29,0.808
2010-11-30,0.810
2010-12-01,0.812
2010-12-02,0.815
2010-12-03,0.816
2010-12-06,0.819
2010-12-07,0.821
2010-12-08,0.821
2010-12-09,0.822
2010-12-10,0.822
2010-12-13,0.819
2010-12-14,0.819
2010-12-15,0.813
2010-12-16,0.813
2010-12-17,0.811
2010-12-20,0.809
2010-12-21,0.810
2010-12-22,0.811
2010-12-23,0.805
2010-12-24,0.803
2010-12-27,0.804
2010-12-28,0.804
2010-12-29,0.803
2010-12-30,0.790
2010-12-31,0.782
2011-01-03,0.774
2011-01-04,0.766
2011-01-05,0.762
2011-01-06,0.76
2011-01-07,0.759
2011-01-10,0.754
2011-01-11,0.752
2011-01-12,0.754
2011-01-13,0.758
2011-01-14,0.768
2011-01-17,0.771
2011-01-18,0.776
2011-01-19,0.78
2011-01-20,0.784
2011-01-21,0.799
2011-01-24,0.811
2011-01-25,0.819
2011-01-26,0.858
2011-01-27,0.872
2011-01-28,0.877
2011-01-31,0.895
2011-02-01,0.915
2011-02-02,0.91
2011-02-03,0.911
2011-02-04,0.912
2011-02-07,0.91
2011-02-08,0.903
2011-02-09,0.926
2011-02-10,0.924
2011-02-11,0.916
2011-02-14,0.911
2011-02-15,0.903
2011-02-16,0.892
2011-02-17,0.883
2011-02-18,0.871
2011-02-21,0.864
2011-02-22,0.863
2011-02-23,0.863
2011-02-24,0.862
2011-02-25,0.867
2011-02-28,0.867
2011-03-01,0.867
2011-03-02,0.865
2011-03-03,0.869
2011-03-04,0.897
2011-03-07,0.904
2011-03-08,0.905
2011-03-09,0.902
2011-03-10,0.897
2011-03-11,0.893
2011-03-14,0.892
2011-03-15,0.887
2011-03-16,0.887
2011-03-17,0.887
2011-03-18,0.89
2011-03-21,0.892
2011-03-22,0.897
2011-03-23,0.902
2011-03-24,0.912
2011-03-25,0.919
2011-03-28,0.932
2011-03-29,0.948
2011-03-30,0.96
2011-03-31,0.968
2011-04-01,0.984
2011-04-04,0.993
2011-04-05,1.003
2011-04-06,1.014
2011-04-07,1.039
2011-04-08,1.077
2011-04-11,1.116
2011-04-12,1.136
2011-04-13,1.149
2011-04-14,1.156
2011-04-15,1.161
2011-04-18,1.166
2011-04-19,1.172
2011-04-20,1.183
2011-04-21,1.191
2011-04-26,1.2
2011-04-27,1.211
2011-04-28,1.227
2011-04-29,1.237
2011-05-02,1.244
2011-05-03,1.251
2011-05-04,1.25
2011-05-05,1.254
2011-05-06,1.25
2011-05-09,1.252
2011-05-10,1.253
2011-05-11,1.245
2011-05-12,1.241
2011-05-13,1.24
2011-05-16,1.242
2011-05-17,1.241
2011-05-18,1.24
2011-05-19,1.243
2011-05-20,1.243
2011-05-23,1.245
2011-05-24,1.245
2011-05-25,1.245
2011-05-26,1.24
2011-05-27,1.232
2011-05-30,1.23
2011-05-31,1.228
2011-06-01,1.223
2011-06-02,1.224
2011-06-03,1.223
2011-06-06,1.225
2011-06-07,1.226
2011-06-08,1.239
2011-06-09,1.258
2011-06-10,1.262
2011-06-13,1.266
2011-06-14,1.274
2011-06-15,1.281
2011-06-16,1.289
2011-06-17,1.302
2011-06-20,1.311
2011-06-21,1.324
2011-06-22,1.318
2011-06-23,1.312
2011-06-24,1.31
2011-06-27,1.311
2011-06-28,1.316
2011-06-29,1.319
2011-06-30,1.325
2011-07-01,1.332
2011-07-04,1.336
2011-07-05,1.34
2011-07-06,1.342
2011-07-07,1.371
2011-07-08,1.405
2011-07-11,1.433
2011-07-12,1.442
2011-07-13,1.456
2011-07-14,1.458
2011-07-15,1.458
2011-07-18,1.465
2011-07-19,1.47
2011-07-20,1.452
2011-07-21,1.447
2011-07-22,1.445
2011-07-25,1.447
2011-07-26,1.448
2011-07-27,1.442
2011-07-28,1.436
2011-07-29,1.433
2011-08-01,1.434
2011-08-02,1.433
2011-08-03,1.431
2011-08-04,1.434
2011-08-05,1.405
2011-08-08,1.4
2011-08-09,1.392
2011-08-10,1.38
2011-08-11,1.367
2011-08-12,1.362
2011-08-15,1.362
2011-08-16,1.357
2011-08-17,1.352
2011-08-18,1.348
2011-08-19,1.344
2011-08-22,1.345
2011-08-23,1.347
2011-08-24,1.349
2011-08-25,1.349
2011-08-26,1.349
2011-08-29,1.348
2011-08-30,1.35
2011-08-31,1.351
2011-09-01,1.351
2011-09-02,1.35
2011-09-05,1.346
2011-09-06,1.343
2011-09-07,1.341
2011-09-08,1.341
2011-09-09,1.342
2011-09-12,1.34
2011-09-13,1.34
2011-09-14,1.342
2011-09-15,1.34
2011-09-16,1.346
2011-09-19,1.347
2011-09-20,1.349
2011-09-21,1.351
2011-09-22,1.35
2011-09-23,1.35
2011-09-26,1.349
2011-09-27,1.351
2011-09-28,1.357
2011-09-29,1.356
2011-09-30,1.356
2011-10-03,1.355
2011-10-04,1.354
2011-10-05,1.354
2011-10-06,1.353
2011-10-07,1.362
2011-10-10,1.362
2011-10-11,1.365
2011-10-12,1.365
2011-10-13,1.365
2011-10-14,1.366
2011-10-17,1.367
2011-10-18,1.365
2011-10-19,1.368
2011-10-20,1.367
2011-10-21,1.368
2011-10-24,1.368
2011-10-25,1.367
2011-10-26,1.364
2011-10-27,1.365
2011-10-28,1.366
2011-10-31,1.367
2011-11-01,1.362
2011-11-02,1.361
2011-11-03,1.36
2011-11-04,1.247
2011-11-07,1.223
2011-11-08,1.215
2011-11-09,1.209
2011-11-10,1.204
2011-11-11,1.201
2011-11-14,1.2
2011-11-15,1.2
2011-11-16,1.199
2011-11-17,1.2
2011-11-18,1.199
2011-11-21,1.199
2011-11-22,1.198
2011-11-23,1.198
2011-11-24,1.196
2011-11-25,1.197
2011-11-28,1.197
2011-11-29,1.21
2011-11-30,1.21
2011-12-01,1.205
2011-12-02,1.205
2011-12-05,1.206
2011-12-06,1.205
2011-12-07,1.205
2011-12-08,1.201
2011-12-09,1.169
2011-12-12,1.155
2011-12-13,1.146
2011-12-14,1.14
2011-12-15,1.139
2011-12-16,1.137
2011-12-19,1.138
2011-12-20,1.138
2011-12-21,1.131
2011-12-22,1.121
2011-12-23,1.109
2011-12-27,1.097
2011-12-28,1.083
2011-12-29,1.048
2011-12-30,1.024
2012-01-02,1.005
2012-01-03,0.988
2012-01-04,0.97
2012-01-05,0.951
2012-01-06,0.93
2012-01-09,0.912
2012-01-10,0.894
2012-01-11,0.878
2012-01-12,0.864
2012-01-13,0.845
2012-01-16,0.829
2012-01-17,0.812
2012-01-18,0.8
2012-01-19,0.788
2012-01-20,0.775
2012-01-23,0.764
2012-01-24,0.752
2012-01-25,0.743
2012-01-26,0.734
2012-01-27,0.728
2012-01-30,0.721
2012-01-31,0.713
2012-02-01,0.701
2012-02-02,0.691
2012-02-03,0.682
2012-02-06,0.674
2012-02-07,0.664
2012-02-08,0.655
2012-02-09,0.647
2012-02-10,0.641
2012-02-13,0.633
2012-02-14,0.626
2012-02-15,0.62
2012-02-16,0.615
2012-02-17,0.61
2012-02-20,0.603
2012-02-21,0.6
2012-02-22,0.595
2012-02-23,0.592
2012-02-24,0.585
2012-02-27,0.576
2012-02-28,0.572
2012-02-29,0.564
2012-03-01,0.549
2012-03-02,0.532
2012-03-05,0.521
2012-03-06,0.511
2012-03-07,0.504
2012-03-08,0.495
2012-03-09,0.49
2012-03-12,0.482
2012-03-13,0.477
2012-03-14,0.472
2012-03-15,0.465
2012-03-16,0.458
2012-03-19,0.452
2012-03-20,0.447
2012-03-21,0.442
2012-03-22,0.436
2012-03-23,0.433
2012-03-26,0.429
2012-03-27,0.426
2012-03-28,0.423
2012-03-29,0.42
2012-03-30,0.419
2012-04-02,0.417
2012-04-03,0.416
2012-04-04,0.415
2012-04-05,0.414
2012-04-10,0.414
2012-04-11,0.412
2012-04-12,0.411
2012-04-13,0.41
2012-04-16,0.409
2012-04-17,0.408
2012-04-18,0.408
2012-04-19,0.407
2012-04-20,0.407
2012-04-23,0.406
2012-04-24,0.406
2012-04-25,0.404
2012-04-26,0.402
2012-04-27,0.402
2012-04-30,0.4
2012-05-02,0.401
2012-05-03,0.399
2012-05-04,0.399
2012-05-07,0.399
2012-05-08,0.398
2012-05-09,0.397
2012-05-10,0.397
2012-05-11,0.398
2012-05-14,0.397
2012-05-15,0.396
2012-05-16,0.395
2012-05-17,0.395
2012-05-18,0.394
2012-05-21,0.393
2012-05-22,0.392
2012-05-23,0.392
2012-05-24,0.389
2012-05-25,0.387
2012-05-28,0.387
2012-05-29,0.386
2012-05-30,0.387
2012-05-31,0.386
2012-06-01,0.384
2012-06-04,0.382
2012-06-05,0.382
2012-06-06,0.381
2012-06-07,0.383
2012-06-08,0.383
2012-06-11,0.383
2012-06-12,0.383
2012-06-13,0.384
2012-06-14,0.383
2012-06-15,0.382
2012-06-18,0.381
2012-06-19,0.379
2012-06-20,0.379
2012-06-21,0.378
2012-06-22,0.377
2012-06-25,0.376
2012-06-26,0.376
2012-06-27,0.376
2012-06-28,0.374
2012-06-29,0.373
2012-07-02,0.372
2012-07-03,0.371
2012-07-04,0.367
2012-07-05,0.362
2012-07-06,0.255
2012-07-09,0.235
2012-07-10,0.223
2012-07-11,0.213
2012-07-12,0.202
2012-07-13,0.194
2012-07-16,0.187
2012-07-17,0.183
2012-07-18,0.179
2012-07-19,0.177
2012-07-20,0.176
2012-07-23,0.173
2012-07-24,0.169
2012-07-25,0.165
2012-07-26,0.162
2012-07-27,0.16
2012-07-30,0.153
2012-07-31,0.149
2012-08-01,0.144
2012-08-02,0.14
2012-08-03,0.139
2012-08-06,0.139
2012-08-07,0.139
2012-08-08,0.139
2012-08-09,0.138
2012-08-10,0.137
2012-08-13,0.135
2012-08-14,0.134
2012-08-15,0.133
2012-08-16,0.133
2012-08-17,0.133
2012-08-20,0.13
2012-08-21,0.128
2012-08-22,0.127
2012-08-23,0.126
2012-08-24,0.124
2012-08-27,0.122
2012-08-28,0.122
2012-08-29,0.122
2012-08-30,0.121
2012-08-31,0.121
2012-09-03,0.122
2012-09-04,0.122
2012-09-05,0.121
2012-09-06,0.121
2012-09-07,0.121
2012-09-10,0.12
2012-09-11,0.12
2012-09-12,0.12
2012-09-13,0.12
2012-09-14,0.12
2012-09-17,0.12
2012-09-18,0.119
2012-09-19,0.118
2012-09-20,0.116
2012-09-21,0.115
2012-09-24,0.116
2012-09-25,0.117
2012-09-26,0.117
2012-09-27,0.115
2012-09-28,0.115
2012-10-01,0.116
2012-10-02,0.115
2012-10-03,0.114
2012-10-04,0.112
2012-10-05,0.112
2012-10-08,0.112
2012-10-09,0.111
2012-10-10,0.111
2012-10-11,0.111
2012-10-12,0.111
2012-10-15,0.111
2012-10-16,0.111
2012-10-17,0.111
2012-10-18,0.11
2012-10-19,0.11
2012-10-22,0.11
2012-10-23,0.11
2012-10-24,0.11
2012-10-25,0.11
2012-10-26,0.11
2012-10-29,0.11
2012-10-30,0.11
2012-10-31,0.11
2012-11-01,0.11
2012-11-02,0.11
2012-11-05,0.109
2012-11-06,0.109
2012-11-07,0.109
2012-11-08,0.109
2012-11-09,0.109
2012-11-12,0.108
2012-11-13,0.108
2012-11-14,0.108
2012-11-15,0.108
2012-11-16,0.108
2012-11-19,0.108
2012-11-20,0.107
2012-11-21,0.107
2012-11-22,0.107
2012-11-23,0.107
2012-11-26,0.107
2012-11-27,0.107
2012-11-28,0.107
2012-11-29,0.112
2012-11-30,0.113
2012-12-03,0.113
2012-12-04,0.113
2012-12-05,0.113
2012-12-06,0.112
2012-12-07,0.111
2012-12-10,0.11
2012-12-11,0.11
2012-12-12,0.11
2012-12-13,0.11
2012-12-14,0.11
2012-12-17,0.11
2012-12-18,0.11
2012-12-19,0.11
2012-12-20,0.11
2012-12-21,0.11
2012-12-24,0.11
2012-12-27,0.111
2012-12-28,0.109
2012-12-31,0.109
2013-01-02,0.109
2013-01-03,0.109
2013-01-04,0.11
2013-01-07,0.11
2013-01-08,0.11
2013-01-09,0.11
2013-01-10,0.11
2013-01-11,0.111
2013-01-14,0.112
2013-01-15,0.112
2013-01-16,0.111
2013-01-17,0.112
2013-01-18,0.112
2013-01-21,0.112
2013-01-22,0.112
2013-01-23,0.112
2013-01-24,0.113
2013-01-25,0.113
2013-01-28,0.117
2013-01-29,0.118
2013-01-30,0.12
2013-01-31,0.121
2013-02-01,0.122
2013-02-04,0.123
2013-02-05,0.123
2013-02-06,0.123
2013-02-07,0.122
2013-02-08,0.12
2013-02-11,0.121
2013-02-12,0.121
2013-02-13,0.121
2013-02-14,0.121
2013-02-15,0.12
2013-02-18,0.12
2013-02-19,0.12
2013-02-20,0.12
2013-02-21,0.119
2013-02-22,0.119
2013-02-25,0.117
2013-02-26,0.117
2013-02-27,0.118
2013-02-28,0.118
2013-03-01,0.117
2013-03-04,0.117
2013-03-05,0.117
2013-03-06,0.118
2013-03-07,0.118
2013-03-08,0.118
2013-03-11,0.117
2013-03-12,0.118
2013-03-13,0.118
2013-03-14,0.118
2013-03-15,0.118
2013-03-18,0.119
2013-03-19,0.118
2013-03-20,0.118
2013-03-21,0.118
2013-03-22,0.12
2013-03-25,0.119
2013-03-26,0.119
2013-03-27,0.117
2013-03-28,0.117
2013-04-02,0.117
2013-04-03,0.117
2013-04-04,0.118
2013-04-05,0.118
2013-04-08,0.118
2013-04-09,0.119
2013-04-10,0.119
2013-04-11,0.119
2013-04-12,0.118
2013-04-15,0.119
2013-04-16,0.119
2013-04-17,0.118
2013-04-18,0.118
2013-04-19,0.118
2013-04-22,0.118
2013-04-23,0.118
2013-04-24,0.118
2013-04-25,0.117
2013-04-26,0.117
2013-04-29,0.117
2013-04-30,0.116
2013-05-02,0.116
2013-05-03,0.113
2013-05-06,0.113
2013-05-07,0.112
2013-05-08,0.112
2013-05-09,0.112
2013-05-10,0.112
2013-05-13,0.112
2013-05-14,0.112
2013-05-15,0.112
2013-05-16,0.112
2013-05-17,0.112
2013-05-20,0.112
2013-05-21,0.112
2013-05-22,0.112
2013-05-23,0.112
2013-05-24,0.112
2013-05-27,0.112
2013-05-28,0.112
2013-05-29,0.112
2013-05-30,0.112
2013-05-31,0.113
2013-06-03,0.113
2013-06-04,0.114
2013-06-05,0.114
2013-06-06,0.114
2013-06-07,0.115
2013-06-10,0.115
2013-06-11,0.119
2013-06-12,0.12
2013-06-13,0.12
2013-06-14,0.121
2013-06-17,0.12
2013-06-18,0.122
2013-06-19,0.123
2013-06-20,0.125
2013-06-21,0.127
2013-06-24,0.128
2013-06-25,0.128
2013-06-26,0.126
2013-06-27,0.124
2013-06-28,0.123
2013-07-01,0.121
2013-07-02,0.122
2013-07-03,0.122
2013-07-04,0.123
2013-07-05,0.122
2013-07-08,0.122
2013-07-09,0.123
2013-07-10,0.123
2013-07-11,0.123
2013-07-12,0.123
2013-07-15,0.122
2013-07-16,0.123
2013-07-17,0.122
2013-07-18,0.122
2013-07-19,0.123
2013-07-22,0.125
2013-07-23,0.128
2013-07-24,0.131
2013-07-25,0.131
2013-07-26,0.132
2013-07-29,0.13
2013-07-30,0.131
2013-07-31,0.131
2013-08-01,0.13
2013-08-02,0.129
2013-08-05,0.128
2013-08-06,0.128
2013-08-07,0.128
2013-08-08,0.128
2013-08-09,0.128
2013-08-12,0.129
2013-08-13,0.128
2013-08-14,0.128
2013-08-15,0.128
2013-08-16,0.128
2013-08-19,0.127
2013-08-20,0.127
2013-08-21,0.126
2013-08-22,0.126
2013-08-23,0.127
2013-08-26,0.127
2013-08-27,0.127
2013-08-28,0.128
2013-08-29,0.128
2013-08-30,0.129
2013-09-02,0.129
2013-09-03,0.129
2013-09-04,0.129
2013-09-05,0.129
2013-09-06,0.129
2013-09-09,0.129
2013-09-10,0.129
2013-09-11,0.128
2013-09-12,0.127
2013-09-13,0.127
2013-09-16,0.128
2013-09-17,0.127
2013-09-18,0.127
2013-09-19,0.128
2013-09-20,0.128
2013-09-23,0.128
2013-09-24,0.128
2013-09-25,0.128
2013-09-26,0.129
2013-09-27,0.127
2013-09-30,0.128
2013-10-01,0.128
2013-10-02,0.128
2013-10-03,0.127
2013-10-04,0.128
2013-10-07,0.128
2013-10-08,0.128
2013-10-09,0.129
2013-10-10,0.128
2013-10-11,0.128
2013-10-14,0.127
2013-10-15,0.127
2013-10-16,0.127
2013-10-17,0.127
2013-10-18,0.128
2013-10-21,0.128
2013-10-22,0.128
2013-10-23,0.129
2013-10-24,0.129
2013-10-25,0.13
2013-10-28,0.13
2013-10-29,0.129
2013-10-30,0.129
2013-10-31,0.13
2013-11-01,0.129
2013-11-04,0.129
2013-11-05,0.129
2013-11-06,0.13
2013-11-07,0.129
2013-11-08,0.122
2013-11-11,0.122
2013-11-12,0.123
2013-11-13,0.123
2013-11-14,0.123
2013-11-15,0.123
2013-11-18,0.123
2013-11-19,0.124
2013-11-20,0.124
2013-11-21,0.126
2013-11-22,0.133
2013-11-25,0.139
2013-11-26,0.146
2013-11-27,0.147
2013-11-28,0.163
2013-11-29,0.166
2013-12-02,0.17
2013-12-03,0.175
2013-12-04,0.18
2013-12-05,0.183
2013-12-06,0.191
2013-12-09,0.2
2013-12-10,0.207
2013-12-11,0.212
2013-12-12,0.219
2013-12-13,0.225
2013-12-16,0.234
2013-12-17,0.243
2013-12-18,0.245
2013-12-19,0.236
2013-12-20,0.232
2013-12-23,0.232
2013-12-24,0.232
2013-12-27,0.234
2013-12-30,0.221
2013-12-31,0.216
2014-01-02,0.214
2014-01-03,0.208
2014-01-06,0.204
2014-01-07,0.202
2014-01-08,0.203
2014-01-09,0.205
2014-01-10,0.208
2014-01-13,0.207
2014-01-14,0.208
2014-01-15,0.216
2014-01-16,0.234
2014-01-17,0.243
2014-01-20,0.24
2014-01-21,0.242
2014-01-22,0.241
2014-01-23,0.24
2014-01-24,0.238
2014-01-27,0.239
2014-01-28,0.241
2014-01-29,0.237
2014-01-30,0.232
2014-01-31,0.23
2014-02-03,0.225
2014-02-04,0.222
2014-02-05,0.223
2014-02-06,0.221
2014-02-07,0.229
2014-02-10,0.23
2014-02-11,0.23
2014-02-12,0.23
2014-02-13,0.225
2014-02-14,0.226
2014-02-17,0.224
2014-02-18,0.224
2014-02-19,0.224
2014-02-20,0.221
2014-02-21,0.222
2014-02-24,0.221
2014-02-25,0.222
2014-02-26,0.222
2014-02-27,0.219
2014-02-28,0.218
2014-03-03,0.22
2014-03-04,0.218
2014-03-05,0.216
2014-03-06,0.216
2014-03-07,0.229
2014-03-10,0.236
2014-03-11,0.233
2014-03-12,0.233
2014-03-13,0.23
2014-03-14,0.23
2014-03-17,0.232
2014-03-18,0.234
2014-03-19,0.237
2014-03-20,0.238
2014-03-21,0.239
2014-03-24,0.242
2014-03-25,0.241
2014-03-26,0.237
2014-03-27,0.237
2014-03-28,0.233
2014-03-31,0.237
2014-04-01,0.235
2014-04-02,0.242
2014-04-03,0.24
2014-04-04,0.249
2014-04-07,0.252
2014-04-08,0.251
2014-04-09,0.251
2014-04-10,0.251
2014-04-11,0.253
2014-04-14,0.252
2014-04-15,0.251
2014-04-16,0.248
2014-04-17,0.246
2014-04-22,0.248
2014-04-23,0.253
2014-04-24,0.261
2014-04-25,0.269
2014-04-28,0.269
2014-04-29,0.269
2014-04-30,0.261
2014-05-02,0.258
2014-05-05,0.258
2014-05-06,0.257
2014-05-07,0.262
2014-05-08,0.262
2014-05-09,0.266
2014-05-12,0.267
2014-05-13,0.268
2014-05-14,0.263
2014-05-15,0.259
2014-05-16,0.257
2014-05-19,0.257
2014-05-20,0.256
2014-05-21,0.259
2014-05-22,0.262
2014-05-23,0.261
2014-05-26,0.258
2014-05-27,0.257
2014-05-28,0.255
2014-05-29,0.251
2014-05-30,0.251
2014-06-02,0.25
2014-06-03,0.248
2014-06-04,0.241
2014-06-05,0.23
2014-06-06,0.197
2014-06-09,0.192
2014-06-10,0.188
2014-06-11,0.179
2014-06-12,0.156
2014-06-13,0.14
2014-06-16,0.126
2014-06-17,0.119
2014-06-18,0.113
2014-06-19,0.109
2014-06-20,0.108
2014-06-23,0.105
2014-06-24,0.104
2014-06-25,0.103
2014-06-26,0.103
2014-06-27,0.101
2014-06-30,0.099
2014-07-01,0.098
2014-07-02,0.096
2014-07-03,0.097
2014-07-04,0.097
2014-07-07,0.097
2014-07-08,0.096
2014-07-09,0.095
2014-07-10,0.094
2014-07-11,0.093
2014-07-14,0.092
2014-07-15,0.092
2014-07-16,0.091
2014-07-17,0.091
2014-07-18,0.092
2014-07-21,0.096
2014-07-22,0.096
2014-07-23,0.098
2014-07-24,0.099
2014-07-25,0.1
2014-07-28,0.099
2014-07-29,0.099
2014-07-30,0.098
2014-07-31,0.098
2014-08-01,0.097
2014-08-04,0.096
2014-08-05,0.097
2014-08-06,0.096
2014-08-07,0.096
2014-08-08,0.094
2014-08-11,0.092
2014-08-12,0.091
2014-08-13,0.09
2014-08-14,0.089
2014-08-15,0.088
2014-08-18,0.089
2014-08-19,0.087
2014-08-20,0.084
2014-08-21,0.081
2014-08-22,0.079
2014-08-25,0.074
2014-08-26,0.071
2014-08-27,0.069
2014-08-28,0.068
2014-08-29,0.067
2014-09-01,0.066
2014-09-02,0.06
2014-09-03,0.061
2014-09-04,0.059
2014-09-05,0.019
2014-09-08,0.013
2014-09-09,0.01
2014-09-10,0.01
2014-09-11,0.007
2014-09-12,0.006
2014-09-15,0.007
2014-09-16,0.006
2014-09-17,0.006
2014-09-18,0.007
2014-09-19,0.008
2014-09-22,0.005
2014-09-23,0.005
2014-09-24,0.007
2014-09-25,0.006
2014-09-26,0.007
2014-09-29,0.007
2014-09-30,0.007
2014-10-01,0.006
2014-10-02,0.006
2014-10-03,0.007
2014-10-06,0.007
2014-10-07,0.006
2014-10-08,0.006
2014-10-09,0.006
2014-10-10,0.006
2014-10-13,0.006
2014-10-14,0.008
2014-10-15,0.006
2014-10-16,0.006
2014-10-17,0.006
2014-10-20,0.006
2014-10-21,0.008
2014-10-22,0.009
2014-10-23,0.011
2014-10-24,0.012
2014-10-27,0.012
2014-10-28,0.012
2014-10-29,0.01
2014-10-30,0.01
2014-10-31,0.01
2014-11-03,0.01
2014-11-04,0.009
2014-11-05,0.009
2014-11-06,0.009
2014-11-07,0.008
2014-11-10,0.009
2014-11-11,0.009
2014-11-12,0.009
2014-11-13,0.008
2014-11-14,0.008
2014-11-17,0.008
2014-11-18,0.009
2014-11-19,0.009
2014-11-20,0.009
2014-11-21,0.009
2014-11-24,0.009
2014-11-25,0.009
2014-11-26,0.009
2014-11-27,0.016
2014-11-28,0.02
2014-12-01,0.021
2014-12-02,0.022
2014-12-03,0.022
2014-12-04,0.022
2014-12-05,0.022
2014-12-08,0.022
2014-12-09,0.024
2014-12-10,0.022
2014-12-11,0.022
2014-12-12,0.023
2014-12-15,0.024
2014-12-16,0.025
2014-12-17,0.026
2014-12-18,0.025
2014-12-19,0.026
2014-12-22,0.026
2014-12-23,0.024
2014-12-24,0.025
2014-12-29,0.024
2014-12-30,0.019
2014-12-31,0.018
2015-01-02,0.016
2015-01-05,0.015
2015-01-06,0.015
2015-01-07,0.012
2015-01-08,0.010
2015-01-09,0.009
2015-01-12,0.009
2015-01-13,0.008
2015-01-14,0.006
2015-01-15,0.007
2015-01-16,0.002
2015-01-19,-0.002
2015-01-20,-0.005
2015-01-21,-0.004
2015-01-22,-0.001
2015-01-23,0.001
2015-01-26,0.002
2015-01-27,0.005
2015-01-28,0.001
2015-01-29,0.001
2015-01-30,0.001
2015-02-02,0.003
2015-02-03,0.001
2015-02-04,0.001
2015-02-05,0.000
2015-02-06,0.002
2015-02-09,-0.001
2015-02-10,0.000
2015-02-11,0.001
2015-02-12,0.002
2015-02-13,0.002
2015-02-16,0.001
2015-02-17,0.001
2015-02-18,0.000
2015-02-19,0.000
2015-02-20,0.001
2015-02-23,0.001
2015-02-24,0.001
2015-02-25,0.001
2015-02-26,-0.004
2015-02-27,-0.005
2015-03-02,-0.005
2015-03-03,-0.006
2015-03-04,-0.006
2015-03-05,-0.007
2015-03-06,-0.008
2015-03-09,-0.008
2015-03-10,-0.009
2015-03-11,-0.011
2015-03-12,-0.009
2015-03-13,-0.010
2015-03-16,-0.011
2015-03-17,-0.012
2015-03-18,-0.011
2015-03-19,-0.011
2015-03-20,-0.014
2015-03-23,-0.012
2015-03-24,-0.012
2015-03-25,-0.012
2015-03-26,-0.012
2015-03-27,-0.012
2015-03-30,-0.014
2015-03-31,-0.015
2015-04-01,-0.017
2015-04-02,-0.019
2015-04-07,-0.021
2015-04-08,-0.021
2015-04-09,-0.022
2015-04-10,-0.022
2015-04-13,-0.024
2015-04-14,-0.025
2015-04-15,-0.029
2015-04-16,-0.032
2015-04-17,-0.033
2015-04-20,-0.032
2015-04-21,-0.034
2015-04-22,-0.034
2015-04-23,-0.034
2015-04-24,-0.034
2015-04-27,-0.034
2015-04-28,-0.034
2015-04-29,-0.038
2015-04-30,-0.040
2015-05-04,-0.042
2015-05-05,-0.043
2015-05-06,-0.043
2015-05-07,-0.043
2015-05-08,-0.044
2015-05-11,-0.045
2015-05-12,-0.048
2015-05-13,-0.048
2015-05-14,-0.049
2015-05-15,-0.050
2015-05-18,-0.051
2015-05-19,-0.052
2015-05-20,-0.052
2015-05-21,-0.052
2015-05-22,-0.052
2015-05-25,-0.053
2015-05-26,-0.054
2015-05-27,-0.054
2015-05-28,-0.058
2015-05-29,-0.059
2015-06-01,-0.057
2015-06-02,-0.060
2015-06-03,-0.061
2015-06-04,-0.062
2015-06-05,-0.063
2015-06-08,-0.063
2015-06-09,-0.063
2015-06-10,-0.063
2015-06-11,-0.062
2015-06-12,-0.064
2015-06-15,-0.064
2015-06-16,-0.064
2015-06-17,-0.064
2015-06-18,-0.063
2015-06-19,-0.064
2015-06-22,-0.065
2015-06-23,-0.066
2015-06-24,-0.066
2015-06-25,-0.066
2015-06-26,-0.066
2015-06-29,-0.064
2015-06-30,-0.064
2015-07-01,-0.064
2015-07-02,-0.066
2015-07-03,-0.067
2015-07-06,-0.068
2015-07-07,-0.069
2015-07-08,-0.071
2015-07-09,-0.071
2015-07-10,-0.071
2015-07-13,-0.071
2015-07-14,-0.071
2015-07-15,-0.072
2015-07-16,-0.071
2015-07-17,-0.072
2015-07-20,-0.073
2015-07-21,-0.073
2015-07-22,-0.073
2015-07-23,-0.073
2015-07-24,-0.074
2015-07-27,-0.074
2015-07-28,-0.073
2015-07-29,-0.074
2015-07-30,-0.074
2015-07-31,-0.075
2015-08-03,-0.078
2015-08-04,-0.079
2015-08-05,-0.079
2015-08-06,-0.080
2015-08-07,-0.081
2015-08-10,-0.082
2015-08-11,-0.082
2015-08-12,-0.083
2015-08-13,-0.084
2015-08-14,-0.085
2015-08-17,-0.088
2015-08-18,-0.089
2015-08-19,-0.089
2015-08-20,-0.091
2015-08-21,-0.092
2015-08-24,-0.094
2015-08-25,-0.096
2015-08-26,-0.098
2015-08-27,-0.099
2015-08-28,-0.098
2015-08-31,-0.098
2015-09-01,-0.099
2015-09-02,-0.102
2015-09-03,-0.103
2015-09-04,-0.104
2015-09-07,-0.104
2015-09-08,-0.104
2015-09-09,-0.104
2015-09-10,-0.103
2015-09-11,-0.104
2015-09-14,-0.104
2015-09-15,-0.104
2015-09-16,-0.103
2015-09-17,-0.103
2015-09-18,-0.102
2015-09-21,-0.104
2015-09-22,-0.103
2015-09-23,-0.107
2015-09-24,-0.109
2015-09-25,-0.111
2015-09-28,-0.111
2015-09-29,-0.113
2015-09-30,-0.113
2015-10-01,-0.113
2015-10-02,-0.113
2015-10-05,-0.113
2015-10-06,-0.112
2015-10-07,-0.113
2015-10-08,-0.114
2015-10-09,-0.113
2015-10-12,-0.113
2015-10-13,-0.113
2015-10-14,-0.113
2015-10-15,-0.114
2015-10-16,-0.116
2015-10-19,-0.117
2015-10-20,-0.117
2015-10-21,-0.118
2015-10-22,-0.118
2015-10-23,-0.119
2015-10-26,-0.119
2015-10-27,-0.119
2015-10-28,-0.119
2015-10-29,-0.119
2015-10-30,-0.119
2015-11-02,-0.119
2015-11-03,-0.121
2015-11-04,-0.122
2015-11-05,-0.123
2015-11-06,-0.124
2015-11-09,-0.125
2015-11-10,-0.129
2015-11-11,-0.132
2015-11-12,-0.136
2015-11-13,-0.137
2015-11-16,-0.139
2015-11-17,-0.144
2015-11-18,-0.146
2015-11-19,-0.149
2015-11-20,-0.151
2015-11-23,-0.155
2015-11-24,-0.157
2015-11-25,-0.156
2015-11-26,-0.161
2015-11-27,-0.160
2015-11-30,-0.161
2015-12-01,-0.161
2015-12-02,-0.164
2015-12-03,-0.171
2015-12-04,-0.171
2015-12-07,-0.175
2015-12-08,-0.178
2015-12-09,-0.181
2015-12-10,-0.186
2015-12-11,-0.189
2015-12-14,-0.191
2015-12-15,-0.194
2015-12-16,-0.196
2015-12-17,-0.198
2015-12-18,-0.199
2015-12-21,-0.200
2015-12-22,-0.201
2015-12-23,-0.201
2015-12-24,-0.201
2015-12-28,-0.199
2015-12-29,-0.202
2015-12-30,-0.206
2015-12-31,-0.205
2016-01-04,-0.210
2016-01-05,-0.211
2016-01-06,-0.214
2016-01-07,-0.218
2016-01-08,-0.218
2016-01-11,-0.219
2016-01-12,-0.220
2016-01-13,-0.220
2016-01-14,-0.221
2016-01-15,-0.221
2016-01-18,-0.222
2016-01-19,-0.222
2016-01-20,-0.225
2016-01-21,-0.230
2016-01-22,-0.231
2016-01-25,-0.231
2016-01-26,-0.231
2016-01-27,-0.231
2016-01-28,-0.229
2016-01-29,-0.229
2016-02-01,-0.232
2016-02-02,-0.231
2016-02-03,-0.232
2016-02-04,-0.234
2016-02-05,-0.234
2016-02-08,-0.235
2016-02-09,-0.237
2016-02-10,-0.238
2016-02-11,-0.239
2016-02-12,-0.240
2016-02-15,-0.241
2016-02-16,-0.245
2016-02-17,-0.249
2016-02-18,-0.253
2016-02-19,-0.255
2016-02-22,-0.258
2016-02-23,-0.261
2016-02-24,-0.262
2016-02-25,-0.262
2016-02-26,-0.264
2016-02-29,-0.265
2016-03-01,-0.270
2016-03-02,-0.273
2016-03-03,-0.276
2016-03-04,-0.281
2016-03-07,-0.285
2016-03-08,-0.287
2016-03-09,-0.291
2016-03-10,-0.295
2016-03-11,-0.301
2016-03-14,-0.311
2016-03-15,-0.313
2016-03-16,-0.317
2016-03-17,-0.322
2016-03-18,-0.324
2016-03-21,-0.326
2016-03-22,-0.328
2016-03-23,-0.330
2016-03-24,-0.331
2016-03-29,-0.332
2016-03-30,-0.332
2016-03-31,-0.334
2016-04-01,-0.335
2016-04-04,-0.339
2016-04-05,-0.339
2016-04-06,-0.339
2016-04-07,-0.339
2016-04-08,-0.339
2016-04-11,-0.340
2016-04-12,-0.342
2016-04-13,-0.342
2016-04-14,-0.342
2016-04-15,-0.342
2016-04-18,-0.342
2016-04-19,-0.343
2016-04-20,-0.342
2016-04-21,-0.342
2016-04-22,-0.342
2016-04-25,-0.343
2016-04-26,-0.343
2016-04-27,-0.343
2016-04-28,-0.343
2016-04-29,-0.344
2016-05-02,-0.343
2016-05-03,-0.343
2016-05-04,-0.345
2016-05-05,-0.346
2016-05-06,-0.348
2016-05-09,-0.349
2016-05-10,-0.349
2016-05-11,-0.350
2016-05-12,-0.349
2016-05-13,-0.349
2016-05-16,-0.348
2016-05-17,-0.348
2016-05-18,-0.348
2016-05-19,-0.349
2016-05-20,-0.349
2016-05-23,-0.349
2016-05-24,-0.351
2016-05-25,-0.349
2016-05-26,-0.348
2016-05-27,-0.349
2016-05-30,-0.348
2016-05-31,-0.349
2016-06-01,-0.349
2016-06-02,-0.350
2016-06-03,-0.351
2016-06-06,-0.352
2016-06-07,-0.352
2016-06-08,-0.352
2016-06-09,-0.351
2016-06-10,-0.353
2016-06-13,-0.353
2016-06-14,-0.353
2016-06-15,-0.353
2016-06-16,-0.356
2016-06-17,-0.356
2016-06-20,-0.358
2016-06-21,-0.358
2016-06-22,-0.358
2016-06-23,-0.358
2016-06-24,-0.364
2016-06-27,-0.364
2016-06-28,-0.361
2016-06-29,-0.364
2016-06-30,-0.364
2016-07-01,-0.363
2016-07-04,-0.363
2016-07-05,-0.363
2016-07-06,-0.365
2016-07-07,-0.366
2016-07-08,-0.367
2016-07-11,-0.367
2016-07-12,-0.369
2016-07-13,-0.371
2016-07-14,-0.371
2016-07-15,-0.371
2016-07-18,-0.371
2016-07-19,-0.371
2016-07-20,-0.371
2016-07-21,-0.370
2016-07-22,-0.371
2016-07-25,-0.371
2016-07-26,-0.371
2016-07-27,-0.371
2016-07-28,-0.371
2016-07-29,-0.371
2016-08-01,-0.371
2016-08-02,-0.371
2016-08-03,-0.371
2016-08-04,-0.370
2016-08-05,-0.370
2016-08-08,-0.369
2016-08-09,-0.369
2016-08-10,-0.369
2016-08-11,-0.369
2016-08-12,-0.368
2016-08-15,-0.369
2016-08-16,-0.369
2016-08-17,-0.369
2016-08-18,-0.369
2016-08-19,-0.369
2016-08-22,-0.369
2016-08-23,-0.369
2016-08-24,-0.368
2016-08-25,-0.370
2016-08-26,-0.371
2016-08-29,-0.371
2016-08-30,-0.371
2016-08-31,-0.372
2016-09-01,-0.372
2016-09-02,-0.373
2016-09-05,-0.373
2016-09-06,-0.372
2016-09-07,-0.372
2016-09-08,-0.373
2016-09-09,-0.369
2016-09-12,-0.371
2016-09-13,-0.372
2016-09-14,-0.372
2016-09-15,-0.371
2016-09-16,-0.371
2016-09-19,-0.371
2016-09-20,-0.371
2016-09-21,-0.371
2016-09-22,-0.371
2016-09-23,-0.370
2016-09-26,-0.371
2016-09-27,-0.371
2016-09-28,-0.371
2016-09-29,-0.371
2016-09-30,-0.371
2016-10-03,-0.371
2016-10-04,-0.372
2016-10-05,-0.371
2016-10-06,-0.371
2016-10-07,-0.371
2016-10-10,-0.371
2016-10-11,-0.371
2016-10-12,-0.371
2016-10-13,-0.372
2016-10-14,-0.371
2016-10-17,-0.371
2016-10-18,-0.371
2016-10-19,-0.371
2016-10-20,-0.372
2016-10-21,-0.372
2016-10-24,-0.371
2016-10-25,-0.371
2016-10-26,-0.372
2016-10-27,-0.372
2016-10-28,-0.373
2016-10-31,-0.372
2016-11-01,-0.374
2016-11-02,-0.373
2016-11-03,-0.373
2016-11-04,-0.373
2016-11-07,-0.373
2016-11-08,-0.374
2016-11-09,-0.373
2016-11-10,-0.373
2016-11-11,-0.374
2016-11-14,-0.373
2016-11-15,-0.371
2016-11-16,-0.371
2016-11-17,-0.372
2016-11-18,-0.373
2016-11-21,-0.371
2016-11-22,-0.373
2016-11-23,-0.373
2016-11-24,-0.373
2016-11-25,-0.373
2016-11-28,-0.374
2016-11-29,-0.372
2016-11-30,-0.372
2016-12-01,-0.372
2016-12-02,-0.371
2016-12-05,-0.373
2016-12-06,-0.372
2016-12-07,-0.372
2016-12-08,-0.372
2016-12-09,-0.371
2016-12-12,-0.371
2016-12-13,-0.371
2016-12-14,-0.371
2016-12-15,-0.370
2016-12-16,-0.372
2016-12-19,-0.371
2016-12-20,-0.371
2016-12-21,-0.369
2016-12-22,-0.369
2016-12-23,-0.369
2016-12-27,-0.369
2016-12-28,-0.366
2016-12-29,-0.368
2016-12-30,-0.368
2017-01-02,-0.368
2017-01-03,-0.370
2017-01-04,-0.369
2017-01-05,-0.369
2017-01-06,-0.369
2017-01-09,-0.371
2017-01-10,-0.372
2017-01-11,-0.372
2017-01-12,-0.372
2017-01-13,-0.372
2017-01-16,-0.372
2017-01-17,-0.372
2017-01-18,-0.372
2017-01-19,-0.372
2017-01-20,-0.372
2017-01-23,-0.372
2017-01-24,-0.372
2017-01-25,-0.372
2017-01-26,-0.372
2017-01-27,-0.372
2017-01-30,-0.372
2017-01-31,-0.372
2017-02-01,-0.372
2017-02-02,-0.373
2017-02-03,-0.373
2017-02-06,-0.373
2017-02-07,-0.373
2017-02-08,-0.373
2017-02-09,-0.371
2017-02-10,-0.371
2017-02-13,-0.373
2017-02-14,-0.374
2017-02-15,-0.373
2017-02-16,-0.372
2017-02-17,-0.371
2017-02-20,-0.369
2017-02-21,-0.370
2017-02-22,-0.371
2017-02-23,-0.371
2017-02-24,-0.371
2017-02-27,-0.371
2017-02-28,-0.371
2017-03-01,-0.372
2017-03-02,-0.372
2017-03-03,-0.371
2017-03-06,-0.374
2017-03-07,-0.373
2017-03-08,-0.373
2017-03-09,-0.372
2017-03-10,-0.372
2017-03-13,-0.372
2017-03-14,-0.372
2017-03-15,-0.371
2017-03-16,-0.371
2017-03-17,-0.371
2017-03-20,-0.371
2017-03-21,-0.374
2017-03-22,-0.373
2017-03-23,-0.373
2017-03-24,-0.372
2017-03-27,-0.374
2017-03-28,-0.373
2017-03-29,-0.373
2017-03-30,-0.373
2017-03-31,-0.373
2017-04-03,-0.372
2017-04-04,-0.372
2017-04-05,-0.373
2017-04-06,-0.372
2017-04-07,-0.373
2017-04-10,-0.374
2017-04-11,-0.375
2017-04-12,-0.374
2017-04-13,-0.372
2017-04-18,-0.371
2017-04-19,-0.371
2017-04-20,-0.372
2017-04-21,-0.371
2017-04-24,-0.371
2017-04-25,-0.371
2017-04-26,-0.373
2017-04-27,-0.373
2017-04-28,-0.374
2017-05-02,-0.374
2017-05-03,-0.373
2017-05-04,-0.374
2017-05-05,-0.374
2017-05-08,-0.374
2017-05-09,-0.374
2017-05-10,-0.374
2017-05-11,-0.374
2017-05-12,-0.373
2017-05-15,-0.374
2017-05-16,-0.371
2017-05-17,-0.371
2017-05-18,-0.371
2017-05-19,-0.374
2017-05-22,-0.374
2017-05-23,-0.374
2017-05-24,-0.373
2017-05-25,-0.374
2017-05-26,-0.371
2017-05-29,-0.372
2017-05-30,-0.373
2017-05-31,-0.374
2017-06-01,-0.374
2017-06-02,-0.372
2017-06-05,-0.371
2017-06-06,-0.371
2017-06-07,-0.371
2017-06-08,-0.374
2017-06-09,-0.374
2017-06-12,-0.374
2017-06-13,-0.373
2017-06-14,-0.373
2017-06-15,-0.372
2017-06-16,-0.373
2017-06-19,-0.374
2017-06-20,-0.372
2017-06-21,-0.373
2017-06-22,-0.372
2017-06-23,-0.374
2017-06-26,-0.374
2017-06-27,-0.373
2017-06-28,-0.372
2017-06-29,-0.373
2017-06-30,-0.373
2017-07-03,-0.373
2017-07-04,-0.373
2017-07-05,-0.373
2017-07-06,-0.373
2017-07-07,-0.372
2017-07-10,-0.374
2017-07-11,-0.374
2017-07-12,-0.374
2017-07-13,-0.373
2017-07-14,-0.373
2017-07-17,-0.373
2017-07-18,-0.374
2017-07-19,-0.373
2017-07-20,-0.374
2017-07-21,-0.374
2017-07-24,-0.374
2017-07-25,-0.371
2017-07-26,-0.372
2017-07-27,-0.371
2017-07-28,-0.371
2017-07-31,-0.370
2017-08-01,-0.371
2017-08-02,-0.373
2017-08-03,-0.372
2017-08-04,-0.372
2017-08-07,-0.374
2017-08-08,-0.374
2017-08-09,-0.374
2017-08-10,-0.373
2017-08-11,-0.372
2017-08-14,-0.372
2017-08-16,-0.371
2017-08-17,-0.371
2017-08-18,-0.371
2017-08-21,-0.371
2017-08-22,-0.371
2017-08-23,-0.371
2017-08-24,-0.371
2017-08-25,-0.371
2017-08-28,-0.372
2017-08-29,-0.372
2017-08-30,-0.372
2017-08-31,-0.373
2017-09-01,-0.373
2017-09-04,-0.372
2017-09-05,-0.372
2017-09-06,-0.371
2017-09-07,-0.372
2017-09-08,-0.372
2017-09-11,-0.373
2017-09-12,-0.372
2017-09-13,-0.373
2017-09-14,-0.371
2017-09-15,-0.371
2017-09-18,-0.373
2017-09-19,-0.373
2017-09-20,-0.373
2017-09-21,-0.373
2017-09-22,-0.372
2017-09-25,-0.371
2017-09-26,-0.371
2017-09-27,-0.372
2017-09-28,-0.372
2017-09-29,-0.372
2017-10-02,-0.373
2017-10-03,-0.373
2017-10-04,-0.373
2017-10-05,-0.372
2017-10-06,-0.373
2017-10-09,-0.373
2017-10-10,-0.371
2017-10-11,-0.372
2017-10-12,-0.372
2017-10-13,-0.371
2017-10-16,-0.371
2017-10-17,-0.373
2017-10-18,-0.373
2017-10-19,-0.373
2017-10-20,-0.373
2017-10-23,-0.373
2017-10-25,-0.373
2017-10-26,-0.371
2017-10-27,-0.372
2017-10-30,-0.372
2017-10-31,-0.372
2017-11-01,-0.371
2017-11-02,-0.372
2017-11-03,-0.372
2017-11-06,-0.371
2017-11-07,-0.372
2017-11-08,-0.372
2017-11-09,-0.371
2017-11-10,-0.371
2017-11-13,-0.371
2017-11-14,-0.372
2017-11-15,-0.372
2017-11-16,-0.372
2017-11-17,-0.373
2017-11-20,-0.372
2017-11-21,-0.372
2017-11-22,-0.371
2017-11-23,-0.372
2017-11-24,-0.372
2017-11-27,-0.372
2017-11-28,-0.371
2017-11-29,-0.371
2017-11-30,-0.371
2017-12-01,-0.369
2017-12-04,-0.368
2017-12-05,-0.367
2017-12-06,-0.367
2017-12-07,-0.366
2017-12-08,-0.369
2017-12-11,-0.369
2017-12-12,-0.369
2017-12-13,-0.371
2017-12-14,-0.371
2017-12-15,-0.371
2017-12-18,-0.370
2017-12-19,-0.370
2017-12-20,-0.370
2017-12-21,-0.369
2017-12-22,-0.367
2017-12-27,-0.368
2017-12-28,-0.367
2017-12-29,-0.368
2018-01-02,-0.368
2018-01-03,-0.368
2018-01-04,-0.368
2018-01-05,-0.369
2018-01-08,-0.368
2018-01-09,-0.369
2018-01-10,-0.369
2018-01-11,-0.369
2018-01-12,-0.369
2018-01-15,-0.369
2018-01-16,-0.369
2018-01-17,-0.369
2018-01-18,-0.369
2018-01-19,-0.369
2018-01-22,-0.369
2018-01-23,-0.369
2018-01-24,-0.369
2018-01-25,-0.369
2018-01-26,-0.369
2018-01-29,-0.369
2018-01-30,-0.369
2018-01-31,-0.369
2018-02-01,-0.369
2018-02-02,-0.371
2018-02-05,-0.369
2018-02-06,-0.369
2018-02-07,-0.369
2018-02-08,-0.369
2018-02-09,-0.370
2018-02-12,-0.369
2018-02-13,-0.369
2018-02-14,-0.369
2018-02-15,-0.369
2018-02-16,-0.369
2018-02-19,-0.369
2018-02-20,-0.370
2018-02-21,-0.370
2018-02-22,-0.370
2018-02-23,-0.370
2018-02-26,-0.371
2018-02-27,-0.371
2018-02-28,-0.371
2018-03-01,-0.371
2018-03-02,-0.370
2018-03-05,-0.370
2018-03-06,-0.371
2018-03-07,-0.371
2018-03-08,-0.371
2018-03-09,-0.371
2018-03-12,-0.370
2018-03-13,-0.371
2018-03-14,-0.371
2018-03-15,-0.371
2018-03-16,-0.370
2018-03-19,-0.370
2018-03-20,-0.370
2018-03-21,-0.370
2018-03-22,-0.371
2018-03-23,-0.370
2018-03-26,-0.370
2018-03-27,-0.371
2018-03-28,-0.371
2018-03-29,-0.372
2018-04-03,-0.372
2018-04-04,-0.372
2018-04-05,-0.372
2018-04-06,-0.372
2018-04-09,-0.372
2018-04-10,-0.372
2018-04-11,-0.372
2018-04-12,-0.371
2018-04-13,-0.371
2018-04-16,-0.371
2018-04-17,-0.371
2018-04-18,-0.371
2018-04-19,-0.372
2018-04-20,-0.372
2018-04-23,-0.372
2018-04-24,-0.372
2018-04-25,-0.371
2018-04-26,-0.372
2018-04-27,-0.372
2018-04-30,-0.371
2018-05-02,-0.371
2018-05-03,-0.372
2018-05-04,-0.372
2018-05-07,-0.372
2018-05-08,-0.372
2018-05-09,-0.371
2018-05-10,-0.371
2018-05-11,-0.371
2018-05-14,-0.371
2018-05-15,-0.369
2018-05-16,-0.371
2018-05-17,-0.371
2018-05-18,-0.371
2018-05-21,-0.370
2018-05-22,-0.371
2018-05-23,-0.371
2018-05-24,-0.371
2018-05-25,-0.369
2018-05-28,-0.371
2018-05-29,-0.371
2018-05-30,-0.370
2018-05-31,-0.369
2018-06-01,-0.371
2018-06-04,-0.371
2018-06-05,-0.371
2018-06-06,-0.371
2018-06-07,-0.371
2018-06-08,-0.371
2018-06-11,-0.369
2018-06-12,-0.371
2018-06-13,-0.370
2018-06-14,-0.369
2018-06-15,-0.370
2018-06-18,-0.370
2018-06-19,-0.370
2018-06-20,-0.370
2018-06-21,-0.370
2018-06-22,-0.370
2018-06-25,-0.371
2018-06-26,-0.370
2018-06-27,-0.370
2018-06-28,-0.371
2018-06-29,-0.370
2018-07-02,-0.369
2018-07-03,-0.372
2018-07-04,-0.372
2018-07-05,-0.372
2018-07-06,-0.371
2018-07-09,-0.371
2018-07-10,-0.370
2018-07-11,-0.369
2018-07-12,-0.370
2018-07-13,-0.369
2018-07-16,-0.369
2018-07-17,-0.369
2018-07-18,-0.369
2018-07-19,-0.369
2018-07-20,-0.369
2018-07-23,-0.369
2018-07-24,-0.369
2018-07-25,-0.369
2018-07-26,-0.369
2018-07-27,-0.369
2018-07-30,-0.369
2018-07-31,-0.369
2018-08-01,-0.369
2018-08-02,-0.369
2018-08-03,-0.369
2018-08-06,-0.369
2018-08-07,-0.369
2018-08-08,-0.369
2018-08-10,-0.369
2018-08-13,-0.370
2018-08-14,-0.370
2018-08-15,-0.368
2018-08-16,-0.369
2018-08-17,-0.370
2018-08-20,-0.369
2018-08-21,-0.371
2018-08-22,-0.371
2018-08-23,-0.371
2018-08-24,-0.369
2018-08-27,-0.370
2018-08-28,-0.371
2018-08-29,-0.370
2018-08-30,-0.370
2018-08-31,-0.369
2018-09-03,-0.370
2018-09-04,-0.369
2018-09-05,-0.369
2018-09-06,-0.371
2018-09-07,-0.372
2018-09-10,-0.371
2018-09-11,-0.372
2018-09-12,-0.371
2018-09-13,-0.372
2018-09-14,-0.371
2018-09-17,-0.372
2018-09-18,-0.372
2018-09-19,-0.371
2018-09-20,-0.372
2018-09-21,-0.371
2018-09-24,-0.372
2018-09-25,-0.370
2018-09-26,-0.369
2018-09-27,-0.371
2018-09-28,-0.371
2018-10-01,-0.371
2018-10-02,-0.371
2018-10-03,-0.371
2018-10-04,-0.371
2018-10-05,-0.371
2018-10-08,-0.371
2018-10-09,-0.371
2018-10-10,-0.369
2018-10-11,-0.369
2018-10-12,-0.369
2018-10-15,-0.369
2018-10-16,-0.369
2018-10-17,-0.369
2018-10-18,-0.369
2018-10-19,-0.370
2018-10-22,-0.369
2018-10-23,-0.369
2018-10-24,-0.370
2018-10-25,-0.369
2018-10-26,-0.369
2018-10-29,-0.369
2018-10-30,-0.369
2018-10-31,-0.369
2018-11-01,-0.368
2018-11-02,-0.368
2018-11-05,-0.369
2018-11-06,-0.369
2018-11-07,-0.369
2018-11-08,-0.369
2018-11-09,-0.369
2018-11-12,-0.369
2018-11-13,-0.369
2018-11-14,-0.369
2018-11-15,-0.371
2018-11-16,-0.369
2018-11-19,-0.369
2018-11-20,-0.369
2018-11-21,-0.369
2018-11-22,-0.369
2018-11-23,-0.369
2018-11-26,-0.368
2018-11-27,-0.369
2018-11-28,-0.368
2018-11-29,-0.368
2018-11-30,-0.368
2018-12-03,-0.368
2018-12-04,-0.367
2018-12-05,-0.367
2018-12-06,-0.368
2018-12-07,-0.368
2018-12-10,-0.368
2018-12-11,-0.368
2018-12-12,-0.368
2018-12-13,-0.368
2018-12-14,-0.368
2018-12-17,-0.369
2018-12-18,-0.369
2018-12-19,-0.369
2018-12-20,-0.367
2018-12-21,-0.366
2018-12-24,-0.365
2018-12-27,-0.364
2018-12-28,-0.364
2018-12-31,-0.363
2019-01-02,-0.362
2019-01-03,-0.363
2019-01-04,-0.363
2019-01-07,-0.363
2019-01-08,-0.363
2019-01-09,-0.364
2019-01-10,-0.364
2019-01-11,-0.365
2019-01-14,-0.368
2019-01-15,-0.369
2019-01-16,-0.369
2019-01-17,-0.368
2019-01-18,-0.368
2019-01-21,-0.368
2019-01-22,-0.368
2019-01-23,-0.368
2019-01-24,-0.367
2019-01-25,-0.368
2019-01-28,-0.368
2019-01-29,-0.368
2019-01-30,-0.368
2019-01-31,-0.368
2019-02-01,-0.369
2019-02-04,-0.367
2019-02-05,-0.368
2019-02-06,-0.367
2019-02-07,-0.369
2019-02-08,-0.368
2019-02-11,-0.368
2019-02-12,-0.368
2019-02-13,-0.367
2019-02-14,-0.368
2019-02-15,-0.368
2019-02-18,-0.368
2019-02-19,-0.367
2019-02-20,-0.367
2019-02-21,-0.368
2019-02-22,-0.367
2019-02-25,-0.366
2019-02-26,-0.368
2019-02-27,-0.368
2019-02-28,-0.368
2019-03-01,-0.368
2019-03-04,-0.367
2019-03-05,-0.367
2019-03-06,-0.367
2019-03-07,-0.367
2019-03-08,-0.367
2019-03-11,-0.368
2019-03-12,-0.368
2019-03-13,-0.368
2019-03-14,-0.368
2019-03-15,-0.368
2019-03-18,-0.367
2019-03-19,-0.367
2019-03-20,-0.367
2019-03-21,-0.367
2019-03-22,-0.367
2019-03-25,-0.368
2019-03-26,-0.368
2019-03-27,-0.368
2019-03-28,-0.368
2019-03-29,-0.367
2019-04-01,-0.367
2019-04-02,-0.367
2019-04-03,-0.367
2019-04-04,-0.367
2019-04-05,-0.367
2019-04-08,-0.367
2019-04-09,-0.367
2019-04-10,-0.367
2019-04-11,-0.367
2019-04-12,-0.367
2019-04-15,-0.367
2019-04-16,-0.367
2019-04-17,-0.368
2019-04-18,-0.368
2019-04-23,-0.367
2019-04-24,-0.368
2019-04-25,-0.368
2019-04-26,-0.367
2019-04-29,-0.368
2019-04-30,-0.367
2019-05-02,-0.366
2019-05-03,-0.365
2019-05-06,-0.365
2019-05-07,-0.367
2019-05-08,-0.366
2019-05-09,-0.366
2019-05-10,-0.367
2019-05-13,-0.366
2019-05-14,-0.366
2019-05-15,-0.366
2019-05-16,-0.366
2019-05-17,-0.368
2019-05-20,-0.368
2019-05-21,-0.371
2019-05-22,-0.371
2019-05-23,-0.368
2019-05-24,-0.372
2019-05-27,-0.372
2019-05-28,-0.374
2019-05-29,-0.374
2019-05-30,-0.376
2019-05-31,-0.378
2019-06-03,-0.378
2019-06-04,-0.379
2019-06-05,-0.383
2019-06-06,-0.383
2019-06-07,-0.381
2019-06-10,-0.377
2019-06-11,-0.377
2019-06-12,-0.377
2019-06-13,-0.376
2019-06-14,-0.378
2019-06-17,-0.385
2019-06-18,-0.388
2019-06-19,-0.391
2019-06-20,-0.396
2019-06-21,-0.398
2019-06-24,-0.393
2019-06-25,-0.389
2019-06-26,-0.388
2019-06-27,-0.391
2019-06-28,-0.388
2019-07-01,-0.392
2019-07-02,-0.386
2019-07-03,-0.390
2019-07-04,-0.393
2019-07-05,-0.394
2019-07-08,-0.393
2019-07-09,-0.389
2019-07-10,-0.389
2019-07-11,-0.394
2019-07-12,-0.393
2019-07-15,-0.393
2019-07-16,-0.395
2019-07-17,-0.397
2019-07-18,-0.399
2019-07-19,-0.403
2019-07-22,-0.406
2019-07-23,-0.407
2019-07-24,-0.401
2019-07-25,-0.401
2019-07-26,-0.395
2019-07-29,-0.394
2019-07-30,-0.392
2019-07-31,-0.392
2019-08-01,-0.393
2019-08-02,-0.392
2019-08-05,-0.401
2019-08-06,-0.400
2019-08-07,-0.401
2019-08-08,-0.409
2019-08-09,-0.403
2019-08-12,-0.405
2019-08-13,-0.413
2019-08-14,-0.403
2019-08-15,-0.404
2019-08-16,-0.423
2019-08-19,-0.409
2019-08-20,-0.405
2019-08-21,-0.409
2019-08-22,-0.415
2019-08-23,-0.413
2019-08-26,-0.423
2019-08-27,-0.416
2019-08-28,-0.417
2019-08-29,-0.430
2019-08-30,-0.427
2019-09-02,-0.427
2019-09-03,-0.435
2019-09-04,-0.441
2019-09-05,-0.443
2019-09-06,-0.452
2019-09-09,-0.448
2019-09-10,-0.455
2019-09-11,-0.453
2019-09-12,-0.455
2019-09-13,-0.438
2019-09-16,-0.449
2019-09-17,-0.447
2019-09-18,-0.438
2019-09-19,-0.450
2019-09-20,-0.454
2019-09-23,-0.450
2019-09-24,-0.449
2019-09-25,-0.453
2019-09-26,-0.457
2019-09-27,-0.462
2019-09-30,-0.457
2019-10-01,-0.467
2019-10-02,-0.468
2019-10-03,-0.474
2019-10-04,-0.474
2019-10-07,-0.468
2019-10-08,-0.463
2019-10-09,-0.464
2019-10-10,-0.466
2019-10-11,-0.473
2019-10-14,-0.468
2019-10-15,-0.458
2019-10-16,-0.458
2019-10-17,-0.448
2019-10-18,-0.438
2019-10-21,-0.438
2019-10-22,-0.444
2019-10-23,-0.443
2019-10-24,-0.447
2019-10-25,-0.456
2019-10-28,-0.441
2019-10-29,-0.443
2019-10-30,-0.440
2019-10-31,-0.437
2019-11-01,-0.443
2019-11-04,-0.443
2019-11-05,-0.438
2019-11-06,-0.445
2019-11-07,-0.449
2019-11-08,-0.463
2019-11-11,-0.453
2019-11-12,-0.457
2019-11-13,-0.463
2019-11-14,-0.455
2019-11-15,-0.450
2019-11-18,-0.455
2019-11-19,-0.456
2019-11-20,-0.450
2019-11-21,-0.459
2019-11-22,-0.445
2019-11-25,-0.451
2019-11-26,-0.451
2019-11-27,-0.448
2019-11-28,-0.439
2019-11-29,-0.437
2019-12-02,-0.439
2019-12-03,-0.448
2019-12-04,-0.450
2019-12-05,-0.453
2019-12-06,-0.456
2019-12-09,-0.451
2019-12-10,-0.448
2019-12-11,-0.456
2019-12-12,-0.464
2019-12-13,-0.467
2019-12-16,-0.466
2019-12-17,-0.465
2019-12-18,-0.461
2019-12-19,-0.453
2019-12-20,-0.449
2019-12-23,-0.451
2019-12-24,-0.452
2019-12-27,-0.444
2019-12-30,-0.447
2019-12-31,-0.438
2020-01-02,-0.436
2020-01-03,-0.443
2020-01-06,-0.450
2020-01-07,-0.452
2020-01-08,-0.448
2020-01-09,-0.456
2020-01-10,-0.463
2020-01-13,-0.460
2020-01-14,-0.460
2020-01-15,-0.458
2020-01-16,-0.466
2020-01-17,-0.462
2020-01-20,-0.463
2020-01-21,-0.470
2020-01-22,-0.466
2020-01-23,-0.467
2020-01-24,-0.451
2020-01-27,-0.453
2020-01-28,-0.457
2020-01-29,-0.458
2020-01-30,-0.458
2020-01-31,-0.454
2020-02-03,-0.455
2020-02-04,-0.460
2020-02-05,-0.459
2020-02-05,-0.459
2020-02-07,-0.458
2020-02-10,-0.471
2020-02-11,-0.477
2020-02-12,-0.470
2020-02-13,-0.480
2020-02-14,-0.480
2020-02-17,-0.480
2020-02-18,-0.480
2020-02-19,-0.467
2020-02-20,-0.483
2020-02-21,-0.478
2020-02-24,-0.477
2020-02-25,-0.474
2020-02-26,-0.479
2020-02-27,-0.488
2020-02-28,-0.488
2020-03-02,-0.488
2020-03-03,-0.508
2020-03-04,-0.502
2020-03-05,-0.513
2020-03-06,-0.501
2020-03-09,-0.496
2020-03-10,-0.513
2020-03-11,-0.503
2020-03-12,-0.520
2020-03-13,-0.480
2020-03-16,-0.488
2020-03-17,-0.495
2020-03-18,-0.478
2020-03-19,-0.474
2020-03-20,-0.450
2020-03-23,-0.445
2020-03-24,-0.454
2020-03-25,-0.458
2020-03-26,-0.443
2020-03-27,-0.438
2020-03-30,-0.436
2020-03-31,-0.423
2020-04-01,-0.468
2020-04-02,-0.454
2020-04-03,-0.438
2020-04-06,-0.431
2020-04-07,-0.406
2020-04-08,-0.379
2020-04-09,-0.387
2020-04-14,-0.404
2020-04-15,-0.422
2020-04-16,-0.438
2020-04-17,-0.434
2020-04-20,-0.433
2020-04-21,-0.425
2020-04-22,-0.418
2020-04-23,-0.402
2020-04-24,-0.418
2020-04-27,-0.448
2020-04-28,-0.432
2020-04-29,-0.465
2020-04-30,-0.460
2020-05-04,-0.476
2020-05-05,-0.469
2020-05-06,-0.469
2020-05-07,-0.445
2020-05-08,-0.451
2020-05-11,-0.446
2020-05-12,-0.448
2020-05-13,-0.454
2020-05-14,-0.469
2020-05-15,-0.467
2020-05-18,-0.478
2020-05-19,-0.454
2020-05-20,-0.468
2020-05-21,-0.475
2020-05-22,-0.473
2020-05-25,-0.465
2020-05-26,-0.462
2020-05-27,-0.475
2020-05-28,-0.461
2020-05-29,-0.482
2020-06-01,-0.498
2020-06-02,-0.478
2020-06-03,-0.488
2020-06-04,-0.472
2020-06-05,-0.483
2020-06-08,-0.481
2020-06-09,-0.487
2020-06-10,-0.478
2020-06-11,-0.479
2020-06-12,-0.482
2020-06-15,-0.484
2020-06-16,-0.481
2020-06-17,-0.492
2020-06-18,-0.503
2020-06-19,-0.507
2020-06-22,-0.509
2020-06-23,-0.508
2020-06-24,-0.508
2020-06-25,-0.504
2020-06-26,-0.504
2020-06-29,-0.507
2020-06-30,-0.510
2020-07-01,-0.512
2020-07-02,-0.509
2020-07-03,-0.502
2020-07-06,-0.508
2020-07-07,-0.511
2020-07-08,-0.507
2020-07-09,-0.498
2020-07-10,-0.503
2020-07-13,-0.503
2020-07-14,-0.508
2020-07-15,-0.513
2020-07-16,-0.501
2020-07-17,-0.506
2020-07-20,-0.500
2020-07-21,-0.501
2020-07-22,-0.510
2020-07-23,-0.515
2020-07-24,-0.513
2020-07-27,-0.516
2020-07-28,-0.515
2020-07-29,-0.523
2020-07-30,-0.519
2020-07-31,-0.510
2020-08-03,-0.516
2020-08-04,-0.521
2020-08-05,-0.515
2020-08-06,-0.512
2020-08-06,-0.512
2020-08-10,-0.519
2020-08-11,-0.514
2020-08-12,-0.511
2020-08-13,-0.519
2020-08-14,-0.519
2020-08-17,-0.519
2020-08-18,-0.517
2020-08-19,-0.519
2020-08-20,-0.523
2020-08-21,-0.517
2020-08-24,-0.518
2020-08-25,-0.515
2020-08-26,-0.515
2020-08-27,-0.520
2020-08-28,-0.523
2020-08-31,-0.522
2020-09-01,-0.510
2020-09-01,-0.510
2020-09-02,-0.507
2020-09-03,-0.512
2020-09-07,-0.513
2020-09-08,-0.515
2020-09-09,-0.519
2020-09-10,-0.535
2020-09-11,-0.516
2020-09-14,-0.526
2020-09-15,-0.523
2020-09-16,-0.526
2020-09-17,-0.529
2020-09-18,-0.523
2020-09-21,-0.533
2020-09-22,-0.526
2020-09-23,-0.531
2020-09-24,-0.518
2020-09-25,-0.523
2020-09-28,-0.524
2020-09-29,-0.523
2020-09-30,-0.529
2020-10-01,-0.526
2020-10-02,-0.528
2020-10-05,-0.534
2020-10-05,-0.534
2020-10-07,-0.540
2020-10-08,-0.534
2020-10-09,-0.526
2020-10-12,-0.538
2020-10-13,-0.535
2020-10-14,-0.535
2020-10-15,-0.539
2020-10-16,-0.534
2020-10-19,-0.538
2020-10-20,-0.543
2020-10-21,-0.539
2020-10-22,-0.553
2020-10-23,-0.539
2020-10-26,-0.539
2020-10-27,-0.543
2020-10-28,-0.545
2020-10-29,-0.550
2020-10-30,-0.548
2020-11-02,-0.540
2020-11-03,-0.540
2020-11-04,-0.550
2020-11-05,-0.547
2020-11-06,-0.533
2020-11-09,-0.539
2020-11-10,-0.527
2020-11-11,-0.537
2020-11-12,-0.542
2020-11-13,-0.533
2020-11-16,-0.537
2020-11-17,-0.552
2020-11-18,-0.546
2020-11-19,-0.556
2020-11-20,-0.543
2020-11-23,-0.542
2020-11-24,-0.537
2020-11-25,-0.533
2020-11-26,-0.539
2020-11-27,-0.546
2020-11-30,-0.551
2020-12-01,-0.548
2020-12-02,-0.548
2020-12-03,-0.539
2020-12-04,-0.545
2020-12-07,-0.550
2020-12-08,-0.549
2020-12-09,-0.552
2020-12-10,-0.573
2020-12-11,-0.554
2020-12-14,-0.573
2020-12-15,-0.570
2020-12-16,-0.575
2020-12-17,-0.582
2020-12-18,-0.560
2020-12-21,-0.563
2020-12-22,-0.574
2020-12-23,-0.573
2020-12-24,-0.568
2020-12-28,-0.568
2020-12-29,-0.555
2020-12-30,-0.562
2020-12-31,-0.554
2021-01-04,-0.570
2021-01-05,-0.573
2021-01-06,-0.567
2021-01-07,-0.563
2021-01-08,-0.555
2021-01-11,-0.548
2021-01-12,-0.553
2021-01-13,-0.563
2021-01-14,-0.564
2021-01-15,-0.557
2021-01-18,-0.567
2021-01-19,-0.561
2021-01-20,-0.559
2021-01-21,-0.561
2021-01-22,-0.557
2021-01-25,-0.554
2021-01-26,-0.563
2021-01-27,-0.567
2021-01-28,-0.568
2021-01-29,-0.571
2021-02-01,-0.560
2021-02-02,-0.563
2021-02-03,-0.568
2021-02-04,-0.568
2021-02-05,-0.554
2021-02-08,-0.548
2021-02-09,-0.551
2021-02-10,-0.550
2021-02-11,-0.548
2021-02-12,-0.553
2021-02-15,-0.553
2021-02-16,-0.550
2021-02-17,-0.552
2021-02-18,-0.548
2021-02-19,-0.553
2021-02-22,-0.550
2021-02-23,-0.550
2021-02-24,-0.549
2021-02-25,-0.553
2021-02-26,-0.547
2021-03-01,-0.553
2021-03-02,-0.548
2021-03-03,-0.560
2021-03-04,-0.560
2021-03-05,-0.554
2021-03-08,-0.548
2021-03-09,-0.557
2021-03-10,-0.553
2021-03-11,-0.561
2021-03-12,-0.548
2021-03-15,-0.556
2021-03-16,-0.563
2021-03-17,-0.553
2021-03-18,-0.555
2021-03-19,-0.553
2021-03-22,-0.549
2021-03-23,-0.549
2021-03-24,-0.549
2021-03-25,-0.551
2021-03-26,-0.550
2021-03-29,-0.545
2021-03-30,-0.555
2021-03-31,-0.556
2021-04-01,-0.551
2021-04-06,-0.550
2021-04-07,-0.553
2021-04-08,-0.556
2021-04-09,-0.559
2021-04-12,-0.558
2021-04-13,-0.549
2021-04-14,-0.550
2021-04-15,-0.561
2021-04-16,-0.553
2021-04-19,-0.552
2021-04-20,-0.558
2021-04-21,-0.554
2021-04-22,-0.555
2021-04-23,-0.557
2021-04-26,-0.556
2021-04-27,-0.558
2021-04-28,-0.557
2021-04-29,-0.558
2021-04-30,-0.556
2021-05-03,-0.559
2021-05-04,-0.562
2021-05-05,-0.553
2021-05-06,-0.558
2021-05-07,-0.553
2021-05-10,-0.551
2021-05-11,-0.548
2021-05-12,-0.552
2021-05-13,-0.553
2021-05-14,-0.561
2021-05-17,-0.563
2021-05-18,-0.559
2021-05-19,-0.562
2021-05-20,-0.562
2021-05-21,-0.563
2021-05-24,-0.561
2021-05-25,-0.557
2021-05-26,-0.561
2021-05-27,-0.557
2021-05-28,-0.558
2021-05-31,-0.563
2021-06-01,-0.560
2021-06-02,-0.556
2021-06-03,-0.558
2021-06-04,-0.558
2021-06-07,-0.557
2021-06-08,-0.553
2021-06-09,-0.547
2021-06-10,-0.549
2021-06-11,-0.551
2021-06-14,-0.550
2021-06-15,-0.547
2021-06-16,-0.548
2021-06-17,-0.555
2021-06-18,-0.548
2021-06-21,-0.550
2021-06-22,-0.553
2021-06-23,-0.553
2021-06-24,-0.558
2021-06-28,-0.564
2021-06-29,-0.555
2021-06-30,-0.569
2021-07-01,-0.561
2021-07-02,-0.555
2021-07-05,-0.553
2021-07-06,-0.553
2021-07-07,-0.554
2021-07-08,-0.556
2021-07-09,-0.552
2021-07-12,-0.549
2021-07-13,-0.560
2021-07-14,-0.559
2021-07-15,-0.557
2021-07-16,-0.557
2021-07-19,-0.560
2021-07-20,-0.558
2021-07-21,-0.553
2021-07-22,-0.553
2021-07-23,-0.560
2021-07-26,-0.558
2021-07-27,-0.557
2021-07-28,-0.558
2021-07-29,-0.558
2021-07-30,-0.556
2021-08-02,-0.556
2021-08-03,-0.563
2021-08-04,-0.560
2021-08-05,-0.568
2021-08-06,-0.561
2021-08-09,-0.561
2021-08-10,-0.561
2021-08-11,-0.565
2021-08-12,-0.566
2021-08-13,-0.561
2021-08-16,-0.564
2021-08-17,-0.565
2021-08-18,-0.558
2021-08-19,-0.560
2021-08-20,-0.552
2021-08-23,-0.557
2021-08-24,-0.557
2021-08-25,-0.559
2021-08-26,-0.560
2021-08-27,-0.556
2021-08-30,-0.559
2021-08-31,-0.554
2021-09-01,-0.554
2021-09-02,-0.558
2021-09-03,-0.553
2021-09-06,-0.555
2021-09-07,-0.552
2021-09-08,-0.557
2021-09-09,-0.558
2021-09-10,-0.558
2021-09-13,-0.557
2021-09-14,-0.556
2021-09-15,-0.557
2021-09-16,-0.559
2021-09-17,-0.562
2021-09-20,-0.558
2021-09-21,-0.563
2021-09-22,-0.561
2021-09-23,-0.557
2021-09-24,-0.553
2021-09-27,-0.561
2021-09-28,-0.558
2021-09-29,-0.558
2021-09-30,-0.563
2021-10-01,-0.557
2021-10-04,-0.559
2021-10-05,-0.567
2021-10-06,-0.564
2021-10-07,-0.562
2021-10-08,-0.561
2021-10-11,-0.563
2021-10-12,-0.561
2021-10-13,-0.561
2021-10-14,-0.563
2021-10-15,-0.564
2021-10-18,-0.561
2021-10-19,-0.557
2021-10-20,-0.563
2021-10-21,-0.559
2021-10-22,-0.563
2021-10-25,-0.557
2021-10-26,-0.556
2021-10-27,-0.558
2021-10-28,-0.556
2021-10-29,-0.557
2021-11-01,-0.557
2021-11-02,-0.560
2021-11-03,-0.565
2021-11-04,-0.567
2021-11-05,-0.567
2021-11-08,-0.573
2021-11-09,-0.563
2021-11-10,-0.566
2021-11-11,-0.574
2021-11-12,-0.566
2021-11-15,-0.566
2021-11-16,-0.563
2021-11-17,-0.567
2021-11-18,-0.563
2021-11-19,-0.558
2021-11-22,-0.560
2021-11-23,-0.570
2021-11-24,-0.565
2021-11-25,-0.568
2021-11-26,-0.567
2021-11-29,-0.563
2021-11-30,-0.570
2021-12-01,-0.573
2021-12-02,-0.568
2021-12-03,-0.569
2021-12-06,-0.567
2021-12-07,-0.573
2021-12-08,-0.565
2021-12-09,-0.581
2021-12-10,-0.576
2021-12-13,-0.593
2021-12-14,-0.625
2021-12-15,-0.598
2021-12-16,-0.593
2021-12-17,-0.611
2021-12-20,-0.625
2021-12-21,-0.611
2021-12-22,-0.643
2021-12-23,-0.648
2021-12-27,-0.614
2021-12-28,-0.598
2021-12-29,-0.594
2021-12-30,-0.585
2021-12-31,-0.583
2022-01-03,-0.576
2022-01-04,-0.569
2022-01-05,-0.566
2022-01-06,-0.570
2022-01-07,-0.565
2022-01-10,-0.563
2022-01-11,-0.564
2022-01-12,-0.563
2022-01-13,-0.568
2022-01-14,-0.565
2022-01-17,-0.562
2022-01-18,-0.563
2022-01-19,-0.563
2022-01-20,-0.561
2022-01-21,-0.559
2022-01-24,-0.563
2022-01-25,-0.562
2022-01-26,-0.565
2022-01-27,-0.565
2022-01-28,-0.563
2022-01-31,-0.567
2022-02-01,-0.560
2022-02-02,-0.561
2022-02-03,-0.560
2022-02-04,-0.551
2022-02-07,-0.548
2022-02-08,-0.545
2022-02-09,-0.547
2022-02-10,-0.552
2022-02-11,-0.557
2022-02-14,-0.551
2022-02-15,-0.555
2022-02-16,-0.558
2022-02-17,-0.562
2022-02-18,-0.557
2022-02-21,-0.556
2022-02-22,-0.555
2022-02-23,-0.544
2022-02-24,-0.548
2022-02-25,-0.543
2022-02-28,-0.551
2022-03-01,-0.553
2022-03-02,-0.558
2022-03-03,-0.549
2022-03-04,-0.546
2022-03-07,-0.517
2022-03-08,-0.528
2022-03-09,-0.530
2022-03-10,-0.549
2022-03-11,-0.548
2022-03-14,-0.556
2022-03-15,-0.553
2022-03-16,-0.554
2022-03-17,-0.548
2022-03-18,-0.557
2022-03-21,-0.550
2022-03-22,-0.562
2022-03-23,-0.549
2022-03-24,-0.541
2022-03-25,-0.546
2022-03-28,-0.536
2022-03-29,-0.533
2022-03-30,-0.527
2022-03-31,-0.532
2022-04-01,-0.541
2022-04-04,-0.551
2022-04-05,-0.548
2022-04-06,-0.540
2022-04-07,-0.548
2022-04-08,-0.541
2022-04-11,-0.529
2022-04-12,-0.538
2022-04-13,-0.543
2022-04-14,-0.547
2022-04-19,-0.560
2022-04-20,-0.569
2022-04-21,-0.541
2022-04-22,-0.520
2022-04-25,-0.500
2022-04-26,-0.513
2022-04-27,-0.520
2022-04-28,-0.522
2022-04-29,-0.538
2022-05-02,-0.527
2022-05-03,-0.543
2022-05-04,-0.544
2022-05-05,-0.553
2022-05-06,-0.553
2022-05-09,-0.533
2022-05-10,-0.553
2022-05-11,-0.566
2022-05-12,-0.544
2022-05-13,-0.546
2022-05-16,-0.558
2022-05-17,-0.544
2022-05-18,-0.552
2022-05-19,-0.542
2022-05-20,-0.535
2022-05-23,-0.543
2022-05-24,-0.543
2022-05-25,-0.547
2022-05-26,-0.544
2022-05-27,-0.545
2022-05-30,-0.545
2022-05-31,-0.546
2022-06-01,-0.541
2022-06-02,-0.538
2022-06-03,-0.538
2022-06-06,-0.531
2022-06-07,-0.525
2022-06-08,-0.537
2022-06-09,-0.533
2022-06-10,-0.539
2022-06-13,-0.536
2022-06-14,-0.512
2022-06-15,-0.494
2022-06-16,-0.498
2022-06-17,-0.487
2022-06-20,-0.500
2022-06-21,-0.512
2022-06-22,-0.512
2022-06-23,-0.528
2022-06-24,-0.553
2022-06-27,-0.551
2022-06-28,-0.536
2022-06-29,-0.535
2022-06-30,-0.508
2022-07-01,-0.506
2022-07-04,-0.485
2022-07-05,-0.460
2022-07-06,-0.465
2022-07-07,-0.464
2022-07-08,-0.427
2022-07-11,-0.398
2022-07-12,-0.400
2022-07-13,-0.421
2022-07-14,-0.378
2022-07-15,-0.317
2022-07-18,-0.320
2022-07-19,-0.325
2022-07-20,-0.259
2022-07-21,-0.252
2022-07-22,-0.170
2022-07-25,-0.131
2022-07-26,-0.089
2022-07-27,-0.062
2022-07-28,-0.035
2022-07-29,-0.071
2022-08-01,-0.062
2022-08-02,-0.048
2022-08-03,-0.040
2022-08-04,-0.039
2022-08-05,-0.041
2022-08-08,-0.032
2022-08-09,-0.015
2022-08-10,-0.025
2022-08-11,-0.027
2022-08-12,-0.035
2022-08-15,-0.016
2022-08-16,-0.028
2022-08-17,-0.014
2022-08-18,0.003
2022-08-19,0.026
2022-08-22,0.046
2022-08-23,0.059
2022-08-24,0.079
2022-08-25,0.085
2022-08-26,0.094
2022-08-29,0.120
2022-08-30,0.196
2022-08-31,0.230
2022-09-01,0.228
2022-09-02,0.314
2022-09-05,0.298
2022-09-06,0.368
2022-09-07,0.394
2022-09-08,0.381
2022-09-09,0.480
2022-09-12,0.586
2022-09-13,0.619
2022-09-14,0.669
2022-09-15,0.680
2022-09-16,0.678
2022-09-19,0.692
2022-09-20,0.700
2022-09-21,0.708
2022-09-22,0.680
2022-09-23,0.698
2022-09-26,0.700
2022-09-27,0.722
2022-09-28,0.685
2022-09-29,0.666
2022-09-30,0.679
2022-10-03,0.674
2022-10-04,0.664
2022-10-05,0.706
2022-10-06,0.733
2022-10-07,0.783
2022-10-10,0.809
2022-10-11,0.843
2022-10-12,0.854
2022-10-13,0.845
2022-10-14,0.892
2022-10-17,0.913
2022-10-18,0.919
2022-10-19,0.938
2022-10-20,0.943
2022-10-21,0.983
2022-10-24,0.979
2022-10-25,1.038
2022-10-26,1.109
2022-10-27,1.133
2022-10-28,1.208
2022-10-31,1.253
2022-11-01,1.376
2022-11-02,1.385
2022-11-03,1.401
2022-11-04,1.398
2022-11-07,1.405
2022-11-08,1.415
2022-11-09,1.415
2022-11-10,1.395
2022-11-11,1.362
2022-11-14,1.405
2022-11-15,1.414
2022-11-16,1.395
2022-11-17,1.425
2022-11-18,1.413
2022-11-21,1.400
2022-11-22,1.418
2022-11-23,1.448
2022-11-24,1.462
2022-11-25,1.476
2022-11-28,1.492
2022-11-29,1.497
2022-11-30,1.512
2022-12-01,1.526
2022-12-02,1.514
2022-12-05,1.523
2022-12-06,1.519
2022-12-07,1.552
2022-12-08,1.538
2022-12-09,1.605
2022-12-12,1.833
2022-12-13,1.686
2022-12-14,1.697
2022-12-15,1.691
2022-12-16,1.748
2022-12-19,1.797
2022-12-20,1.898
2022-12-21,1.913
2022-12-22,1.894
2022-12-23,1.910
2022-12-27,1.895
2022-12-28,1.898
2022-12-29,1.901
2022-12-30,1.884
2023-01-02,1.883
2023-01-03,1.854
2023-01-04,1.888
2023-01-05,1.894
2023-01-06,1.904
2023-01-09,1.898
2023-01-10,1.935
2023-01-11,1.922
2023-01-12,1.918
2023-01-13,1.908
2023-01-16,1.970
2023-01-17,1.980
2023-01-18,1.985
2023-01-19,1.990
2023-01-20,1.999
2023-01-23,2.014
2023-01-24,2.052
2023-01-25,2.064
2023-01-26,2.077
2023-01-27,2.130
2023-01-30,2.144
2023-01-31,2.177
2023-02-01,2.190
2023-02-02,2.262
2023-02-03,2.255
2023-02-06,2.325
2023-02-07,2.361
2023-02-08,2.381
2023-02-09,2.363
2023-02-10,2.375
2023-02-13,2.402
2023-02-14,2.374
2023-02-15,2.405
2023-02-16,2.406
2023-02-17,2.374
2023-02-20,2.383
2023-02-21,2.392
2023-02-22,2.396
2023-02-23,2.403
2023-02-24,2.429
2023-02-27,2.422
2023-02-28,2.478
2023-03-01,2.487
2023-03-02,2.502
2023-03-03,2.551
2023-03-06,2.511
2023-03-07,2.562
2023-03-08,2.565
2023-03-09,2.573
2023-03-10,2.630
2023-03-13,2.646
2023-03-14,2.601
2023-03-15,2.615
2023-03-16,2.558
2023-03-17,2.648
2023-03-21,2.822
2023-03-22,2.902
2023-03-23,2.902
2023-03-24,2.928
2023-03-27,2.902
2023-03-28,2.904
2023-03-29,2.905
2023-03-30,2.921
2023-03-31,2.915
2023-04-03,2.928
2023-04-04,2.899
2023-04-05,2.888
2023-04-06,2.887
2023-04-11,2.889
2023-04-12,2.889
2023-04-13,2.934
2023-04-14,2.948
2023-04-17,2.966
2023-04-18,2.968
2023-04-19,2.987
2023-04-20,2.998
2023-04-21,2.956
2023-04-24,3.031
2023-04-25,3.024
2023-04-26,3.015
2023-04-27,3.037
2023-04-28,3.052
2023-05-02,3.093
2023-05-03,3.088
2023-05-04,3.112
2023-05-05,3.099
2023-05-08,3.138
2023-05-09,3.161
2023-05-10,3.146
2023-05-11,3.159
2023-05-12,3.162
2023-05-15,3.150
2023-05-16,3.158
2023-05-17,3.152
2023-05-18,3.151
2023-05-19,3.134
2023-05-22,3.135
2023-05-23,3.142
2023-05-24,3.138
2023-05-25,3.198
2023-05-26,3.199
2023-05-29,3.213
2023-05-30,3.214
2023-05-31,3.211
2023-06-01,3.210
2023-06-02,3.218
2023-06-05,3.222
2023-06-06,3.254
2023-06-07,3.271
2023-06-08,3.258
2023-06-09,3.290
2023-06-12,3.315
2023-06-13,3.328
2023-06-14,3.338
2023-06-15,3.350
2023-06-16,3.355
2023-06-19,3.372
2023-06-20,3.383
2023-06-21,3.439
2023-06-22,3.413
2023-06-23,3.448
2023-06-26,3.429
2023-06-27,3.411
2023-06-28,3.418
2023-06-29,3.415
2023-06-30,3.399
2023-07-03,3.385
2023-07-04,3.388
2023-07-05,3.393
2023-07-06,3.377
2023-07-07,3.425
2023-07-10,3.438
2023-07-11,3.456
2023-07-12,3.457
2023-07-13,3.446
2023-07-14,3.464
2023-07-17,3.457
2023-07-18,3.465
2023-07-19,3.455
2023-07-20,3.472
2023-07-21,3.502
2023-07-24,3.475
2023-07-25,3.521
2023-07-26,3.545
2023-07-27,3.565
2023-07-28,3.585
2023-07-31,3.578
2023-08-01,3.580
2023-08-02,3.610
2023-08-03,3.609
2023-08-07,3.638
2023-08-08,3.615
2023-08-09,3.625
2023-08-10,3.621
2023-08-11,3.638
2023-08-14,3.664
2023-08-15,3.627
2023-08-16,3.623
2023-08-17,3.632
2023-08-18,3.615
2023-08-21,3.612
2023-08-22,3.637
2023-08-23,3.642
2023-08-24,3.632
2023-08-25,3.620
2023-08-28,3.645
2023-08-29,3.631
2023-08-30,3.654
2023-08-31,3.637
2023-09-01,3.639
2023-09-04,3.636
2023-09-05,3.625
2023-09-06,3.651
2023-09-07,3.670
2023-09-08,3.682
2023-09-11,3.662
2023-09-12,3.699
2023-09-13,3.675
2023-09-14,3.725
2023-09-15,3.762
2023-09-18,3.762
2023-09-19,3.891
2023-09-20,3.834
2023-09-21,3.869
2023-09-22,3.872
2023-09-25,3.865
2023-09-26,3.843
2023-09-27,3.858
2023-09-28,3.845
2023-09-29,3.847
2023-10-02,3.858
2023-10-03,3.872
2023-10-04,3.834
2023-10-05,3.825
2023-10-06,3.863
2023-10-09,3.871
2023-10-10,3.864
2023-10-11,3.865
2023-10-12,3.872
2023-10-13,3.860
2023-10-16,3.862
2023-10-17,3.845
2023-10-18,3.864
2023-10-19,3.855
2023-10-20,3.863
2023-10-23,3.861
2023-10-24,3.842
2023-10-25,3.845
2023-10-26,3.883
2023-10-27,3.868
2023-10-30,3.893
2023-10-31,3.876
2023-11-01,3.893
2023-11-02,3.883
2023-11-03,3.877
2023-11-06,3.860
2023-11-07,3.850
2023-11-08,3.858
2023-11-09,3.838
2023-11-10,3.834
2023-11-13,3.819
2023-11-14,3.822
2023-11-15,3.791
2023-11-16,3.839
2023-11-17,3.819
2023-11-20,3.822
2023-11-21,3.815
2023-11-22,3.818
2023-11-23,3.835
2023-11-24,3.805
2023-11-27,3.848
2023-11-28,3.847
2023-11-29,3.854
2023-11-30,3.868
2023-12-01,3.869
2023-12-04,3.855
2023-12-05,3.865
2023-12-06,3.859
2023-12-07,3.872
2023-12-08,3.853
2023-12-11,3.858
2023-12-12,3.862
2023-12-13,3.833
2023-12-14,3.844
2023-12-15,3.853
2023-12-18,3.859
2023-12-19,3.853
2023-12-20,3.859
2023-12-21,3.876
2023-12-22,3.865
2023-12-27,3.843
2023-12-28,3.872
2023-12-29,3.845
2024-01-02,3.856
2024-01-03,3.865
2024-01-04,3.858
2024-01-05,3.878
2024-01-08,3.871
2024-01-09,3.867
2024-01-10,3.877
2024-01-11,3.880
2024-01-12,3.893
2024-01-15,3.868
2024-01-16,3.894
2024-01-17,3.875
2024-01-18,3.869
2024-01-19,3.854
2024-01-23,3.869
2024-01-24,3.862
2024-01-25,3.868
2024-01-26,3.871
2024-01-29,3.853
2024-01-30,3.854
2024-01-31,3.877
2024-02-01,3.873
2024-02-02,3.864
2024-02-05,3.887
2024-02-06,3.893
2024-02-07,3.874
2024-02-08,3.873
2024-02-09,3.835
2024-02-12,3.882
2024-02-13,3.862
2024-02-14,3.871
2024-02-15,3.877
2024-02-16,3.881
2024-02-19,3.851
2024-02-20,3.895
2024-02-21,3.886
2024-02-22,3.864
2024-02-23,3.851
2024-02-26,3.843
2024-02-27,3.855
2024-02-28,3.856
2024-02-29,3.865
2024-03-01,3.817
2024-03-04,3.839
2024-03-05,3.868
2024-03-06,3.865
2024-03-07,3.868
2024-03-08,3.878
2024-03-11,3.871
2024-03-12,3.847
2024-03-13,3.859
2024-03-14,3.843
2024-03-15,3.862
2024-03-18,3.855
2024-03-19,3.862
2024-03-20,3.862
2024-03-21,3.848
2024-03-22,3.853
2024-03-25,3.842
2024-03-26,3.830
2024-03-27,3.835
2024-03-28,3.855
2024-04-02,3.855
2024-04-03,3.852
2024-04-04,3.877
2024-04-05,3.888
2024-04-08,3.877
2024-04-09,3.837
2024-04-10,3.854
2024-04-11,3.879
2024-04-12,3.836
2024-04-15,3.846
2024-04-16,3.855
2024-04-17,3.828
2024-04-18,3.855
2024-04-19,3.837
2024-04-22,3.819
2024-04-23,3.815
2024-04-24,3.852
2024-04-25,3.862
2024-04-26,3.848
2024-04-29,3.858
2024-04-30,3.873
2024-05-02,3.877
2024-05-03,3.865
2024-05-06,3.852
2024-05-07,3.875
2024-05-08,3.870
2024-05-10,3.856
2024-05-13,3.828
2024-05-14,3.838
2024-05-15,3.830
2024-05-16,3.817
2024-05-17,3.799
2024-05-20,3.807
2024-05-21,3.785
2024-05-22,3.797
2024-05-23,3.805
2024-05-24,3.792
2024-05-27,3.792
2024-05-28,3.764
2024-05-29,3.772
2024-05-30,3.750
2024-05-31,3.717
2024-06-03,3.690
2024-06-04,3.666
2024-06-05,3.676
2024-06-06,3.688
2024-06-07,3.679
2024-06-10,3.654
2024-06-11,3.613
2024-06-12,3.630
2024-06-13,3.599
2024-06-14,3.579
2024-06-17,3.602
2024-06-18,3.606
2024-06-19,3.608
2024-06-20,3.598
2024-06-21,3.600
2024-06-24,3.622
2024-06-25,3.642
2024-06-26,3.646
2024-06-27,3.664
2024-06-28,3.632
2024-07-01,3.655
2024-07-02,3.654
2024-07-03,3.635
2024-07-04,3.624
2024-07-05,3.635
2024-07-08,3.628
2024-07-09,3.615
2024-07-10,3.598
2024-07-11,3.611
2024-07-12,3.625
2024-07-15,3.572
2024-07-16,3.583
2024-07-17,3.601
2024-07-18,3.633
2024-07-19,3.626
2024-07-22,3.630
2024-07-23,3.618
2024-07-24,3.598
2024-07-25,3.604
2024-07-26,3.621
2024-07-29,3.596
2024-07-30,3.611
2024-07-31,3.630
2024-08-01,3.606
2024-08-02,3.611
2024-08-05,3.569
2024-08-06,3.558
2024-08-07,3.594
2024-08-08,3.592
2024-08-09,3.618
2024-08-12,3.625
2024-08-13,3.635
2024-08-14,3.606
2024-08-15,3.599
2024-08-16,3.595
2024-08-19,3.584
2024-08-20,3.587
2024-08-21,3.596
2024-08-22,3.608
2024-08-23,3.595
2024-08-26,3.583
2024-08-27,3.584
2024-08-28,3.592
2024-08-29,3.602
2024-08-30,3.589
2024-09-02,3.588
2024-09-03,3.561
2024-09-04,3.536
2024-09-05,3.542
2024-09-06,3.521
2024-09-09,3.510
2024-09-10,3.489
2024-09-11,3.444
2024-09-12,3.436
2024-09-13,3.405
2024-09-16,3.412
2024-09-17,3.414
2024-09-18,3.398
2024-09-19,3.395
2024-09-20,3.374
2024-09-23,3.346
2024-09-24,3.358
2024-09-25,3.375
2024-09-26,3.378
2024-09-27,3.365
2024-09-30,3.353
2024-10-01,3.330
2024-10-02,3.329
2024-10-03,3.293
2024-10-04,3.270
2024-10-07,3.282
2024-10-08,3.272
2024-10-09,3.256
2024-10-10,3.255
2024-10-11,3.245
2024-10-14,3.258
2024-10-15,3.235
2024-10-16,3.207
2024-10-17,3.174
2024-10-18,3.147
2024-10-21,3.145
2024-10-22,3.131
2024-10-23,3.105
2024-10-24,3.102
2024-10-25,3.127
2024-10-28,3.152
2024-10-29,3.146
2024-10-30,3.139
2024-10-31,3.135
2024-11-01,3.119
2024-11-04,3.128
2024-11-05,3.092
2024-11-06,3.102
2024-11-07,3.095
2024-11-08,3.087
2024-11-11,3.080
2024-11-12,3.088
2024-11-13,3.099
2024-11-14,3.083
2024-11-15,3.062
2024-11-18,3.043
2024-11-19,3.035
2024-11-20,3.045
2024-11-21,3.079
2024-11-22,3.075
2024-11-25,3.078
2024-11-26,3.002
2024-11-27,2.977
2024-11-28,3.022
2024-11-29,3.004
2024-12-02,2.987
2024-12-03,3.002
2024-12-04,3.025
2024-12-05,3.027
2024-12-06,3.005
2024-12-09,2.944
2024-12-10,2.887
2024-12-11,2.889
2024-12-12,2.902
2024-12-13,2.871
2024-12-16,2.845
2024-12-17,2.775
2024-12-18,2.762
2024-12-19,2.795
2024-12-20,2.801
2024-12-23,2.846
2024-12-24,2.863
2024-12-27,2.863
2024-12-30,2.867
2025-01-02,2.785
2025-01-03,2.792
2025-01-06,2.835
2025-01-07,2.840
2025-01-08,2.862
2025-01-09,2.883
2025-01-10,2.839
2025-01-13,2.850
2025-01-14,2.852
2025-01-15,2.843
2025-01-16,2.824
2025-01-17,2.798
2025-01-20,2.785
2025-01-21,2.774
2025-01-22,2.776
2025-01-23,2.755
2025-01-24,2.735
2025-01-27,2.735
2025-01-28,2.744
2025-01-29,2.725
2025-01-30,2.729
2025-01-31,2.660
2025-02-03,2.644
2025-02-04,2.614
2025-02-05,2.616
2025-02-06,2.655
2025-02-07,2.646
2025-02-10,2.653
2025-02-11,2.615
2025-02-12,2.616
2025-02-13,2.619
2025-02-14,2.604
2025-02-17,2.616
2025-02-18,2.624
2025-02-19,2.641
2025-02-20,2.653
2025-02-21,2.595
2025-02-24,2.600
2025-02-25,2.565
2025-02-26,2.550
2025-02-27,2.526
2025-02-28,2.463
2025-03-03,2.466
2025-03-04,2.471
2025-03-05,2.494
2025-03-06,2.481
2025-03-07,2.456
2025-03-10,2.471
2025-03-11,2.446
2025-03-12,2.392
2025-03-13,2.368
2025-03-14,2.379
2025-03-17,2.386
2025-03-18,2.363
2025-03-19,2.389
2025-03-20,2.373
2025-03-21,2.374
2025-03-24,2.340
2025-03-25,2.349
2025-03-26,2.358
2025-03-27,2.363
2025-03-28,2.344
2025-03-31,2.358
2025-04-01,2.349
2025-04-02,2.360
2025-04-03,2.357
2025-04-04,2.341
2025-04-07,2.347
2025-04-08,2.327
2025-04-09,2.328
2025-04-10,2.351
2025-04-11,2.304
2025-04-14,2.252
2025-04-15,2.207
2025-04-16,2.199
2025-04-17,2.134
2025-04-22,2.101
2025-04-23,2.134
2025-04-24,2.147
2025-04-25,2.139
2025-04-28,2.151
2025-04-29,2.160
2025-04-30,2.165
2025-05-02,2.149
2025-05-05,2.123
2025-05-06,2.144
2025-05-07,2.171
2025-05-08,2.131
2025-05-09,2.114
2025-05-12,2.123
2025-05-13,2.126
2025-05-14,2.132
2025-05-15,2.120
2025-05-16,2.089
2025-05-19,2.101
2025-05-20,2.064
2025-05-21,2.053
2025-05-22,2.088
2025-05-23,2.089
2025-05-26,2.096
2025-05-27,2.063
2025-05-28,2.009
2025-05-29,1.991
2025-05-30,1.996
2025-06-02,1.984
2025-06-03,1.947
2025-06-04,1.954
2025-06-05,1.964
2025-06-06,1.972
2025-06-09,1.962
2025-06-10,1.961
2025-06-11,1.914
2025-06-12,1.892
2025-06-13,1.917
2025-06-16,1.911
2025-06-17,1.897
2025-06-18,1.876
2025-06-19,1.899
2025-06-23,1.889
2025-06-24,1.934
2025-06-25,1.976
2025-06-26,1.929
2025-06-27,1.916
2025-06-30,1.934
2025-07-01,1.906
2025-07-02,1.889
2025-07-03,1.874
2025-07-04,1.874
2025-07-07,1.889
2025-07-08,1.916
2025-07-09,1.925
2025-07-10,1.926
2025-07-11,1.913
2025-07-14,1.874
2025-07-15,1.846
2025-07-16,1.881
2025-07-17,1.895
2025-07-18,1.883
2025-07-21,1.885
2025-07-22,1.904
2025-07-23,1.912
2025-07-24,1.902
2025-07-25,1.876
2025-07-28,1.881
2025-07-29,1.901
2025-07-30,1.884
2025-07-31,1.886
2025-08-01,1.893
2025-08-04,1.911
2025-08-05,1.911
2025-08-06,1.912
2025-08-07,1.892
2025-08-08,1.900
2025-08-11,1.904
2025-08-12,1.866
2025-08-13,1.844
2025-08-14,1.874
2025-08-15,1.901
2025-08-18,1.921
2025-08-19,1.917
2025-08-20,1.911
2025-08-21,1.893
2025-08-22,1.889
2025-08-25,1.881
2025-08-26,1.881
2025-08-27,1.867
2025-08-28,1.863
2025-08-29,1.859
2025-09-01,1.875
2025-09-02,1.898
2025-09-03,1.891
2025-09-04,1.872
2025-09-05,1.880
2025-09-08,1.886
2025-09-09,1.901
2025-09-10,1.893
2025-09-11,1.877
2025-09-12,1.879
2025-09-15,1.880
2025-09-16,1.909
2025-09-17,1.923
2025-09-18,1.930
2025-09-19,1.909
2025-09-22,1.908
2025-09-23,1.870
2025-09-24,1.889
2025-09-25,1.896
2025-09-26,1.913
2025-09-29,1.931
2025-09-30,1.929
2025-10-01,1.909
2025-10-02,1.926
2025-10-03,1.939
2025-10-06,1.920
2025-10-07,1.897
2025-10-08,1.918
2025-10-09,1.926
2025-10-10,1.920
2025-10-13,1.891
2025-10-14,1.897
2025-10-15,1.906
2025-10-16,1.922
2025-10-17,1.919
2025-10-20,1.931
2025-10-21,1.904
2025-10-22,1.890
2025-10-23,1.870
2025-10-24,1.857
2025-10-27,1.886
2025-10-28,1.895
2025-10-29,1.893
2025-10-30,1.911
2025-10-31,1.917
2025-11-03,1.914
2025-11-04,1.881
2025-11-05,1.865
2025-11-06,1.859
2025-11-07,1.891
2025-11-10,1.902
2025-11-11,1.892
2025-11-12,1.871
2025-11-13,1.876
2025-11-14,1.894
2025-11-17,1.905
2025-11-18,1.899
2025-11-19,1.918
2025-11-20,1.922
2025-11-21,1.926
2025-11-24,1.914
2025-11-25,1.926
2025-11-26,1.960
2025-11-27,1.951
2025-11-28,1.946
2025-12-01,1.961
2025-12-02,1.896
2025-12-03,1.886
2025-12-04,1.912
2025-12-05,1.911
2025-12-08,1.904
2025-12-09,1.915
2025-12-10,1.906
2025-12-11,1.935
2025-12-12,1.934
2025-12-15,1.929
2025-12-16,1.943
2025-12-17,1.931
2025-12-18,1.921
2025-12-19,1.908
2025-12-22,1.903
2025-12-23,1.894
2025-12-29,1.901
2025-12-30,1.912
2025-12-31,1.939
